Alternative Transients Program (ATP),  GNU Linux or DOS.  All rights reserved by Can/Am user group of Portland, Oregon, USA.
 Date (dd-mth-yy) and time of day (hh.mm.ss) = 25-Aug-26  13:12:09   Name of disk plot file is  solution.pl4
Consult the 860-page ATP Rule Book of the Can/Am EMTP User Group in Portland,  Oregon, USA.  Source code date is 19 December 2003.
Total size of LABCOM tables = 9872109 INTEGER words.  31 VARDIM  List Sizes follow:  6002  10K  192K  900  420K  1200  15K
  120K  2250  3800  720  1200  72800  510  90K  800  90  254  120K  100K  3K  15K  192K  120  30K  160K  600  210K  1K  19  200
--------------------------------------------------+--------------------------------------------------------------------------------
Descriptive interpretation of input data cards.   |  Input data card images are shown below, all 80 columns, character by character
                                                  0         1         2         3         4         5         6         7         8
                                                  012345678901234567890123456789012345678901234567890123456789012345678901234567890
--------------------------------------------------+--------------------------------------------------------------------------------
Comment card.   NUMDCD = 1.                       |C data:SOLUTION.ATP
Marker card preceding new EMTP data case.         |BEGIN NEW DATA CASE
Comment card.   NUMDCD = 3.                       |C ------------------------------------------------------------------------------
Comment card.   NUMDCD = 4.                       |C Generated by the Matlab code of the cascade Pi circuit
Comment card.   NUMDCD = 5.                       |C This code is developed by Ing. Jose de Jesus Reyes Ramirez
Comment card.   NUMDCD = 6.                       |C Email: jose.reyes0963@alumnos.udg.mx
Comment card.   NUMDCD = 7.                       |C The RLC alpha-beta parameters are computed by RXAB, LXAB and CXAB, and the zer
Comment card.   NUMDCD = 8.                       |C These parameters are calculed by RP-VF and NNLS algorithms, where the passivit
Comment card.   NUMDCD = 9.                       |C ------------------------------------------------------------------------------
Comment card.   NUMDCD = 10.                      |C  dT  >< Tmax >< Xopt >< Copt ><Epsiln>
Misc. data.     1.000E-06   2.000E-02   0.000E+00 |  1.E-06    0.02
Misc. data.    500    1  1  1  1  0  0  1  0  0   |     500       1       1       1       1       0       0       1       0
Request precedes analytic symbol definitions.     |$PARAMETER
  Parameter 1  defined.  Value =  5.000000E-01    |RIN_____________=0.5
  Parameter 2  defined.  Value =  3.000000E+01    |LIN_____________=30.
  Parameter 3  defined.  Value =  1.000000E+06    |RL______________=1000000.
  Parameter 4  defined.  Value =  1.000000E+07    |RT______________=10000000.
  Parameter 5  defined.  Value =  2.158396E+00    |ROAB____________=2.158395535095032E+00
  Parameter 6  defined.  Value =  3.729014E+03    |R1AB____________=3.729014268563016E+03
  Parameter 7  defined.  Value =  3.320641E+02    |R2AB____________=3.320640900216529E+02
  Parameter 8  defined.  Value =  1.407238E+01    |R3AB____________=1.407238304881472E+01
  Parameter 9  defined.  Value =  2.321434E+00    |R4AB____________=2.321433621027825E+00
  Parameter 10  defined.  Value =  3.499977E-02   |R5AB____________=3.499976644333492E-02
  Parameter 11  defined.  Value =  3.149409E-01   |L1AB____________=3.149408985045037E-01
  Parameter 12  defined.  Value =  3.383067E-01   |L2AB____________=3.383066661675320E-01
  Parameter 13  defined.  Value =  3.839637E-01   |L3AB____________=3.839636681030633E-01
  Parameter 14  defined.  Value =  7.624606E-01   |L4AB____________=7.624605529987309E-01
  Parameter 15  defined.  Value =  3.050266E-01   |L5AB____________=3.050266065924389E-01
  Parameter 16  defined.  Value =  8.416739E+01   |LOAB____________=8.416739097497650E+01
  Parameter 17  defined.  Value =  1.334723E+00   |CKAB____________=1.334723458596950E+00
  Parameter 18  defined.  Value =  6.673617E-01   |CKABIN__________=6.673617292984749E-01
BLANK card ends block of $PARAMETER definitions.  |BLANK $PARAMETER
Comment card.   NUMDCD = 33.                      |C        1         2         3         4         5         6         7         8
Comment card.   NUMDCD = 34.                      |C 345678901234567890123456789012345678901234567890123456789012345678901234567890
Comment card.   NUMDCD = 35.                      |C < n1 >< n2 ><ref1><ref2><       R       ><       L       ><       C       >
New MOLDAT = 1     (data vintage).                |$VINTAGE, 1
Comment card.   NUMDCD = 37.                      |C ------------------------------------------------------------------------------
Comment card.   NUMDCD = 38.                      |C C Alpha, Beta and Zero C parameters
Series R-L-C.   2.158E+00  0.000E+00  0.000E+00   |  XX0013XX0016              2.158395535095                                     0
Series R-L-C.   2.158E+00  0.000E+00  0.000E+00   |  XX0014XX0017              2.158395535095                                     0
Series R-L-C.   0.000E+00  0.000E+00  6.674E-07   |  XX0013                                                   .66736172929847     0
Series R-L-C.   0.000E+00  0.000E+00  6.674E-07   |  XX0014                                                   .66736172929847     0
Series R-L-C.   0.000E+00  8.417E-02  0.000E+00   |  XX0016XX0019                             84.167390974976                     0
Series R-L-C.   3.729E+03  0.000E+00  0.000E+00   |  XX0019XX0020              3729.014268563                                     0
Series R-L-C.   0.000E+00  3.149E-04  0.000E+00   |  XX0019XX0020                              .3149408985045                     0
Series R-L-C.   3.321E+02  0.000E+00  0.000E+00   |  XX0020XX0021             332.06409002165                                     0
Series R-L-C.   0.000E+00  3.383E-04  0.000E+00   |  XX0020XX0021                             .33830666616753                     0
Series R-L-C.   1.407E+01  0.000E+00  0.000E+00   |  XX0021XX0022             14.072383048815                                     0
Series R-L-C.   0.000E+00  3.840E-04  0.000E+00   |  XX0021XX0022                             .38396366810306                     0
Series R-L-C.   2.321E+00  0.000E+00  0.000E+00   |  XX0022XX0023             2.3214336210278                                     0
Series R-L-C.   0.000E+00  7.625E-04  0.000E+00   |  XX0022XX0023                             .76246055299873                     0
Series R-L-C.   3.500E-02  0.000E+00  0.000E+00   |  XX0023XX0024             .03499976644333                                     0
Series R-L-C.   0.000E+00  3.050E-04  0.000E+00   |  XX0023XX0024                             .30502660659244                     0
Series R-L-C.   0.000E+00  0.000E+00  1.335E-06   |  XX0024                                                    1.334723458597     0
Series R-L-C.   2.158E+00  0.000E+00  0.000E+00   |  XX0024XX0025              2.158395535095                                     0
Series R-L-C.   0.000E+00  8.417E-02  0.000E+00   |  XX0025XX0026                             84.167390974976                     0
Series R-L-C.   3.729E+03  0.000E+00  0.000E+00   |  XX0026XX0027              3729.014268563                                     0
Series R-L-C.   0.000E+00  3.149E-04  0.000E+00   |  XX0026XX0027                              .3149408985045                     0
Series R-L-C.   3.321E+02  0.000E+00  0.000E+00   |  XX0027XX0028             332.06409002165                                     0
Series R-L-C.   0.000E+00  3.383E-04  0.000E+00   |  XX0027XX0028                             .33830666616753                     0
Series R-L-C.   1.407E+01  0.000E+00  0.000E+00   |  XX0028XX0029             14.072383048815                                     0
Series R-L-C.   0.000E+00  3.840E-04  0.000E+00   |  XX0028XX0029                             .38396366810306                     0
Series R-L-C.   2.321E+00  0.000E+00  0.000E+00   |  XX0029XX0030             2.3214336210278                                     0
Series R-L-C.   0.000E+00  7.625E-04  0.000E+00   |  XX0029XX0030                             .76246055299873                     0
Series R-L-C.   3.500E-02  0.000E+00  0.000E+00   |  XX0030XX0031             .03499976644333                                     0
Series R-L-C.   0.000E+00  3.050E-04  0.000E+00   |  XX0030XX0031                             .30502660659244                     0
Series R-L-C.   0.000E+00  0.000E+00  1.335E-06   |  XX0031                                                    1.334723458597     0
Series R-L-C.   2.158E+00  0.000E+00  0.000E+00   |  XX0031XX0032              2.158395535095                                     0
Series R-L-C.   0.000E+00  8.417E-02  0.000E+00   |  XX0032XX0033                             84.167390974976                     0
Series R-L-C.   3.729E+03  0.000E+00  0.000E+00   |  XX0033XX0034              3729.014268563                                     0
Series R-L-C.   0.000E+00  3.149E-04  0.000E+00   |  XX0033XX0034                              .3149408985045                     0
Series R-L-C.   3.321E+02  0.000E+00  0.000E+00   |  XX0034XX0035             332.06409002165                                     0
Series R-L-C.   0.000E+00  3.383E-04  0.000E+00   |  XX0034XX0035                             .33830666616753                     0
Series R-L-C.   1.407E+01  0.000E+00  0.000E+00   |  XX0035XX0036             14.072383048815                                     0
Series R-L-C.   0.000E+00  3.840E-04  0.000E+00   |  XX0035XX0036                             .38396366810306                     0
Series R-L-C.   2.321E+00  0.000E+00  0.000E+00   |  XX0036XX0037             2.3214336210278                                     0
Series R-L-C.   0.000E+00  7.625E-04  0.000E+00   |  XX0036XX0037                             .76246055299873                     0
Series R-L-C.   3.500E-02  0.000E+00  0.000E+00   |  XX0037XX0038             .03499976644333                                     0
Series R-L-C.   0.000E+00  3.050E-04  0.000E+00   |  XX0037XX0038                             .30502660659244                     0
Series R-L-C.   0.000E+00  0.000E+00  1.335E-06   |  XX0038                                                    1.334723458597     0
Series R-L-C.   2.158E+00  0.000E+00  0.000E+00   |  XX0038XX0039              2.158395535095                                     0
Series R-L-C.   0.000E+00  8.417E-02  0.000E+00   |  XX0039XX0040                             84.167390974976                     0
Series R-L-C.   3.729E+03  0.000E+00  0.000E+00   |  XX0040XX0041              3729.014268563                                     0
Series R-L-C.   0.000E+00  3.149E-04  0.000E+00   |  XX0040XX0041                              .3149408985045                     0
Series R-L-C.   3.321E+02  0.000E+00  0.000E+00   |  XX0041XX0042             332.06409002165                                     0
Series R-L-C.   0.000E+00  3.383E-04  0.000E+00   |  XX0041XX0042                             .33830666616753                     0
Series R-L-C.   1.407E+01  0.000E+00  0.000E+00   |  XX0042XX0043             14.072383048815                                     0
Series R-L-C.   0.000E+00  3.840E-04  0.000E+00   |  XX0042XX0043                             .38396366810306                     0
Series R-L-C.   2.321E+00  0.000E+00  0.000E+00   |  XX0043XX0044             2.3214336210278                                     0
Series R-L-C.   0.000E+00  7.625E-04  0.000E+00   |  XX0043XX0044                             .76246055299873                     0
Series R-L-C.   3.500E-02  0.000E+00  0.000E+00   |  XX0044XX0045             .03499976644333                                     0
Series R-L-C.   0.000E+00  3.050E-04  0.000E+00   |  XX0044XX0045                             .30502660659244                     0
Series R-L-C.   0.000E+00  0.000E+00  1.335E-06   |  XX0045                                                    1.334723458597     0
Series R-L-C.   2.158E+00  0.000E+00  0.000E+00   |  XX0045XX0046              2.158395535095                                     0
Series R-L-C.   0.000E+00  8.417E-02  0.000E+00   |  XX0046XX0047                             84.167390974976                     0
Series R-L-C.   3.729E+03  0.000E+00  0.000E+00   |  XX0047XX0048              3729.014268563                                     0
Series R-L-C.   0.000E+00  3.149E-04  0.000E+00   |  XX0047XX0048                              .3149408985045                     0
Series R-L-C.   3.321E+02  0.000E+00  0.000E+00   |  XX0048XX0049             332.06409002165                                     0
Series R-L-C.   0.000E+00  3.383E-04  0.000E+00   |  XX0048XX0049                             .33830666616753                     0
Series R-L-C.   1.407E+01  0.000E+00  0.000E+00   |  XX0049XX0050             14.072383048815                                     0
Series R-L-C.   0.000E+00  3.840E-04  0.000E+00   |  XX0049XX0050                             .38396366810306                     0
Series R-L-C.   2.321E+00  0.000E+00  0.000E+00   |  XX0050XX0051             2.3214336210278                                     0
Series R-L-C.   0.000E+00  7.625E-04  0.000E+00   |  XX0050XX0051                             .76246055299873                     0
Series R-L-C.   3.500E-02  0.000E+00  0.000E+00   |  XX0051XX0052             .03499976644333                                     0
Series R-L-C.   0.000E+00  3.050E-04  0.000E+00   |  XX0051XX0052                             .30502660659244                     0
Series R-L-C.   0.000E+00  0.000E+00  1.335E-06   |  XX0052                                                    1.334723458597     0
Series R-L-C.   2.158E+00  0.000E+00  0.000E+00   |  XX0052XX0053              2.158395535095                                     0
Series R-L-C.   0.000E+00  8.417E-02  0.000E+00   |  XX0053XX0054                             84.167390974976                     0
Series R-L-C.   3.729E+03  0.000E+00  0.000E+00   |  XX0054XX0055              3729.014268563                                     0
Series R-L-C.   0.000E+00  3.149E-04  0.000E+00   |  XX0054XX0055                              .3149408985045                     0
Series R-L-C.   3.321E+02  0.000E+00  0.000E+00   |  XX0055XX0056             332.06409002165                                     0
Series R-L-C.   0.000E+00  3.383E-04  0.000E+00   |  XX0055XX0056                             .33830666616753                     0
Series R-L-C.   1.407E+01  0.000E+00  0.000E+00   |  XX0056XX0057             14.072383048815                                     0
Series R-L-C.   0.000E+00  3.840E-04  0.000E+00   |  XX0056XX0057                             .38396366810306                     0
Series R-L-C.   2.321E+00  0.000E+00  0.000E+00   |  XX0057XX0058             2.3214336210278                                     0
Series R-L-C.   0.000E+00  7.625E-04  0.000E+00   |  XX0057XX0058                             .76246055299873                     0
Series R-L-C.   3.500E-02  0.000E+00  0.000E+00   |  XX0058XX0059             .03499976644333                                     0
Series R-L-C.   0.000E+00  3.050E-04  0.000E+00   |  XX0058XX0059                             .30502660659244                     0
Series R-L-C.   0.000E+00  0.000E+00  1.335E-06   |  XX0059                                                    1.334723458597     0
Series R-L-C.   2.158E+00  0.000E+00  0.000E+00   |  XX0059XX0060              2.158395535095                                     0
Series R-L-C.   0.000E+00  8.417E-02  0.000E+00   |  XX0060XX0061                             84.167390974976                     0
Series R-L-C.   3.729E+03  0.000E+00  0.000E+00   |  XX0061XX0062              3729.014268563                                     0
Series R-L-C.   0.000E+00  3.149E-04  0.000E+00   |  XX0061XX0062                              .3149408985045                     0
Series R-L-C.   3.321E+02  0.000E+00  0.000E+00   |  XX0062XX0063             332.06409002165                                     0
Series R-L-C.   0.000E+00  3.383E-04  0.000E+00   |  XX0062XX0063                             .33830666616753                     0
Series R-L-C.   1.407E+01  0.000E+00  0.000E+00   |  XX0063XX0064             14.072383048815                                     0
Series R-L-C.   0.000E+00  3.840E-04  0.000E+00   |  XX0063XX0064                             .38396366810306                     0
Series R-L-C.   2.321E+00  0.000E+00  0.000E+00   |  XX0064XX0065             2.3214336210278                                     0
Series R-L-C.   0.000E+00  7.625E-04  0.000E+00   |  XX0064XX0065                             .76246055299873                     0
Series R-L-C.   3.500E-02  0.000E+00  0.000E+00   |  XX0065XX0066             .03499976644333                                     0
Series R-L-C.   0.000E+00  3.050E-04  0.000E+00   |  XX0065XX0066                             .30502660659244                     0
Series R-L-C.   0.000E+00  0.000E+00  1.335E-06   |  XX0066                                                    1.334723458597     0
Series R-L-C.   2.158E+00  0.000E+00  0.000E+00   |  XX0066XX0067              2.158395535095                                     0
Series R-L-C.   0.000E+00  8.417E-02  0.000E+00   |  XX0067XX0068                             84.167390974976                     0
Series R-L-C.   3.729E+03  0.000E+00  0.000E+00   |  XX0068XX0069              3729.014268563                                     0
Series R-L-C.   0.000E+00  3.149E-04  0.000E+00   |  XX0068XX0069                              .3149408985045                     0
Series R-L-C.   3.321E+02  0.000E+00  0.000E+00   |  XX0069XX0070             332.06409002165                                     0
Series R-L-C.   0.000E+00  3.383E-04  0.000E+00   |  XX0069XX0070                             .33830666616753                     0
Series R-L-C.   1.407E+01  0.000E+00  0.000E+00   |  XX0070XX0071             14.072383048815                                     0
Series R-L-C.   0.000E+00  3.840E-04  0.000E+00   |  XX0070XX0071                             .38396366810306                     0
Series R-L-C.   2.321E+00  0.000E+00  0.000E+00   |  XX0071XX0072             2.3214336210278                                     0
Series R-L-C.   0.000E+00  7.625E-04  0.000E+00   |  XX0071XX0072                             .76246055299873                     0
Series R-L-C.   3.500E-02  0.000E+00  0.000E+00   |  XX0072XX0073             .03499976644333                                     0
Series R-L-C.   0.000E+00  3.050E-04  0.000E+00   |  XX0072XX0073                             .30502660659244                     0
Series R-L-C.   0.000E+00  0.000E+00  1.335E-06   |  XX0073                                                    1.334723458597     0
Series R-L-C.   2.158E+00  0.000E+00  0.000E+00   |  XX0073XX0074              2.158395535095                                     0
Series R-L-C.   0.000E+00  8.417E-02  0.000E+00   |  XX0074XX0075                             84.167390974976                     0
Series R-L-C.   3.729E+03  0.000E+00  0.000E+00   |  XX0075XX0076              3729.014268563                                     0
Series R-L-C.   0.000E+00  3.149E-04  0.000E+00   |  XX0075XX0076                              .3149408985045                     0
Series R-L-C.   3.321E+02  0.000E+00  0.000E+00   |  XX0076XX0077             332.06409002165                                     0
Series R-L-C.   0.000E+00  3.383E-04  0.000E+00   |  XX0076XX0077                             .33830666616753                     0
Series R-L-C.   1.407E+01  0.000E+00  0.000E+00   |  XX0077XX0078             14.072383048815                                     0
Series R-L-C.   0.000E+00  3.840E-04  0.000E+00   |  XX0077XX0078                             .38396366810306                     0
Series R-L-C.   2.321E+00  0.000E+00  0.000E+00   |  XX0078XX0079             2.3214336210278                                     0
Series R-L-C.   0.000E+00  7.625E-04  0.000E+00   |  XX0078XX0079                             .76246055299873                     0
Series R-L-C.   3.500E-02  0.000E+00  0.000E+00   |  XX0079XX0080             .03499976644333                                     0
Series R-L-C.   0.000E+00  3.050E-04  0.000E+00   |  XX0079XX0080                             .30502660659244                     0
Series R-L-C.   0.000E+00  0.000E+00  1.335E-06   |  XX0080                                                    1.334723458597     0
Series R-L-C.   2.158E+00  0.000E+00  0.000E+00   |  XX0080XX0081              2.158395535095                                     0
Series R-L-C.   0.000E+00  8.417E-02  0.000E+00   |  XX0081XX0082                             84.167390974976                     0
Series R-L-C.   3.729E+03  0.000E+00  0.000E+00   |  XX0082XX0083              3729.014268563                                     0
Series R-L-C.   0.000E+00  3.149E-04  0.000E+00   |  XX0082XX0083                              .3149408985045                     0
Series R-L-C.   3.321E+02  0.000E+00  0.000E+00   |  XX0083XX0084             332.06409002165                                     0
Series R-L-C.   0.000E+00  3.383E-04  0.000E+00   |  XX0083XX0084                             .33830666616753                     0
Series R-L-C.   1.407E+01  0.000E+00  0.000E+00   |  XX0084XX0085             14.072383048815                                     0
Series R-L-C.   0.000E+00  3.840E-04  0.000E+00   |  XX0084XX0085                             .38396366810306                     0
Series R-L-C.   2.321E+00  0.000E+00  0.000E+00   |  XX0085XX0086             2.3214336210278                                     0
Series R-L-C.   0.000E+00  7.625E-04  0.000E+00   |  XX0085XX0086                             .76246055299873                     0
Series R-L-C.   3.500E-02  0.000E+00  0.000E+00   |  XX0086XX0087             .03499976644333                                     0
Series R-L-C.   0.000E+00  3.050E-04  0.000E+00   |  XX0086XX0087                             .30502660659244                     0
Series R-L-C.   0.000E+00  0.000E+00  6.674E-07   |  XX0087                                                   .66736172929847     0
Series R-L-C.   0.000E+00  8.417E-02  0.000E+00   |  XX0017XX0088                             84.167390974976                     0
Series R-L-C.   3.729E+03  0.000E+00  0.000E+00   |  XX0088XX0089              3729.014268563                                     0
Series R-L-C.   0.000E+00  3.149E-04  0.000E+00   |  XX0088XX0089                              .3149408985045                     0
Series R-L-C.   3.321E+02  0.000E+00  0.000E+00   |  XX0089XX0090             332.06409002165                                     0
Series R-L-C.   0.000E+00  3.383E-04  0.000E+00   |  XX0089XX0090                             .33830666616753                     0
Series R-L-C.   1.407E+01  0.000E+00  0.000E+00   |  XX0090XX0091             14.072383048815                                     0
Series R-L-C.   0.000E+00  3.840E-04  0.000E+00   |  XX0090XX0091                             .38396366810306                     0
Series R-L-C.   2.321E+00  0.000E+00  0.000E+00   |  XX0091XX0092             2.3214336210278                                     0
Series R-L-C.   0.000E+00  7.625E-04  0.000E+00   |  XX0091XX0092                             .76246055299873                     0
Series R-L-C.   3.500E-02  0.000E+00  0.000E+00   |  XX0092XX0093             .03499976644333                                     0
Series R-L-C.   0.000E+00  3.050E-04  0.000E+00   |  XX0092XX0093                             .30502660659244                     0
Series R-L-C.   0.000E+00  0.000E+00  1.335E-06   |  XX0093                                                    1.334723458597     0
Series R-L-C.   2.158E+00  0.000E+00  0.000E+00   |  XX0093XX0094              2.158395535095                                     0
Series R-L-C.   0.000E+00  8.417E-02  0.000E+00   |  XX0094XX0095                             84.167390974976                     0
Series R-L-C.   3.729E+03  0.000E+00  0.000E+00   |  XX0095XX0096              3729.014268563                                     0
Series R-L-C.   0.000E+00  3.149E-04  0.000E+00   |  XX0095XX0096                              .3149408985045                     0
Series R-L-C.   3.321E+02  0.000E+00  0.000E+00   |  XX0096XX0097             332.06409002165                                     0
Series R-L-C.   0.000E+00  3.383E-04  0.000E+00   |  XX0096XX0097                             .33830666616753                     0
Series R-L-C.   1.407E+01  0.000E+00  0.000E+00   |  XX0097XX0098             14.072383048815                                     0
Series R-L-C.   0.000E+00  3.840E-04  0.000E+00   |  XX0097XX0098                             .38396366810306                     0
Series R-L-C.   2.321E+00  0.000E+00  0.000E+00   |  XX0098XX0099             2.3214336210278                                     0
Series R-L-C.   0.000E+00  7.625E-04  0.000E+00   |  XX0098XX0099                             .76246055299873                     0
Series R-L-C.   3.500E-02  0.000E+00  0.000E+00   |  XX0099XX0100             .03499976644333                                     0
Series R-L-C.   0.000E+00  3.050E-04  0.000E+00   |  XX0099XX0100                             .30502660659244                     0
Series R-L-C.   0.000E+00  0.000E+00  1.335E-06   |  XX0100                                                    1.334723458597     0
Series R-L-C.   2.158E+00  0.000E+00  0.000E+00   |  XX0100XX0101              2.158395535095                                     0
Series R-L-C.   0.000E+00  8.417E-02  0.000E+00   |  XX0101XX0102                             84.167390974976                     0
Series R-L-C.   3.729E+03  0.000E+00  0.000E+00   |  XX0102XX0103              3729.014268563                                     0
Series R-L-C.   0.000E+00  3.149E-04  0.000E+00   |  XX0102XX0103                              .3149408985045                     0
Series R-L-C.   3.321E+02  0.000E+00  0.000E+00   |  XX0103XX0104             332.06409002165                                     0
Series R-L-C.   0.000E+00  3.383E-04  0.000E+00   |  XX0103XX0104                             .33830666616753                     0
Series R-L-C.   1.407E+01  0.000E+00  0.000E+00   |  XX0104XX0105             14.072383048815                                     0
Series R-L-C.   0.000E+00  3.840E-04  0.000E+00   |  XX0104XX0105                             .38396366810306                     0
Series R-L-C.   2.321E+00  0.000E+00  0.000E+00   |  XX0105XX0106             2.3214336210278                                     0
Series R-L-C.   0.000E+00  7.625E-04  0.000E+00   |  XX0105XX0106                             .76246055299873                     0
Series R-L-C.   3.500E-02  0.000E+00  0.000E+00   |  XX0106XX0107             .03499976644333                                     0
Series R-L-C.   0.000E+00  3.050E-04  0.000E+00   |  XX0106XX0107                             .30502660659244                     0
Series R-L-C.   0.000E+00  0.000E+00  1.335E-06   |  XX0107                                                    1.334723458597     0
Series R-L-C.   2.158E+00  0.000E+00  0.000E+00   |  XX0107XX0108              2.158395535095                                     0
Series R-L-C.   0.000E+00  8.417E-02  0.000E+00   |  XX0108XX0109                             84.167390974976                     0
Series R-L-C.   3.729E+03  0.000E+00  0.000E+00   |  XX0109XX0110              3729.014268563                                     0
Series R-L-C.   0.000E+00  3.149E-04  0.000E+00   |  XX0109XX0110                              .3149408985045                     0
Series R-L-C.   3.321E+02  0.000E+00  0.000E+00   |  XX0110XX0111             332.06409002165                                     0
Series R-L-C.   0.000E+00  3.383E-04  0.000E+00   |  XX0110XX0111                             .33830666616753                     0
Series R-L-C.   1.407E+01  0.000E+00  0.000E+00   |  XX0111XX0112             14.072383048815                                     0
Series R-L-C.   0.000E+00  3.840E-04  0.000E+00   |  XX0111XX0112                             .38396366810306                     0
Series R-L-C.   2.321E+00  0.000E+00  0.000E+00   |  XX0112XX0113             2.3214336210278                                     0
Series R-L-C.   0.000E+00  7.625E-04  0.000E+00   |  XX0112XX0113                             .76246055299873                     0
Series R-L-C.   3.500E-02  0.000E+00  0.000E+00   |  XX0113XX0114             .03499976644333                                     0
Series R-L-C.   0.000E+00  3.050E-04  0.000E+00   |  XX0113XX0114                             .30502660659244                     0
Series R-L-C.   0.000E+00  0.000E+00  1.335E-06   |  XX0114                                                    1.334723458597     0
Series R-L-C.   2.158E+00  0.000E+00  0.000E+00   |  XX0114XX0115              2.158395535095                                     0
Series R-L-C.   0.000E+00  8.417E-02  0.000E+00   |  XX0115XX0116                             84.167390974976                     0
Series R-L-C.   3.729E+03  0.000E+00  0.000E+00   |  XX0116XX0117              3729.014268563                                     0
Series R-L-C.   0.000E+00  3.149E-04  0.000E+00   |  XX0116XX0117                              .3149408985045                     0
Series R-L-C.   3.321E+02  0.000E+00  0.000E+00   |  XX0117XX0118             332.06409002165                                     0
Series R-L-C.   0.000E+00  3.383E-04  0.000E+00   |  XX0117XX0118                             .33830666616753                     0
Series R-L-C.   1.407E+01  0.000E+00  0.000E+00   |  XX0118XX0119             14.072383048815                                     0
Series R-L-C.   0.000E+00  3.840E-04  0.000E+00   |  XX0118XX0119                             .38396366810306                     0
Series R-L-C.   2.321E+00  0.000E+00  0.000E+00   |  XX0119XX0120             2.3214336210278                                     0
Series R-L-C.   0.000E+00  7.625E-04  0.000E+00   |  XX0119XX0120                             .76246055299873                     0
Series R-L-C.   3.500E-02  0.000E+00  0.000E+00   |  XX0120XX0121             .03499976644333                                     0
Series R-L-C.   0.000E+00  3.050E-04  0.000E+00   |  XX0120XX0121                             .30502660659244                     0
Series R-L-C.   0.000E+00  0.000E+00  1.335E-06   |  XX0121                                                    1.334723458597     0
Series R-L-C.   2.158E+00  0.000E+00  0.000E+00   |  XX0121XX0122              2.158395535095                                     0
Series R-L-C.   0.000E+00  8.417E-02  0.000E+00   |  XX0122XX0123                             84.167390974976                     0
Series R-L-C.   3.729E+03  0.000E+00  0.000E+00   |  XX0123XX0124              3729.014268563                                     0
Series R-L-C.   0.000E+00  3.149E-04  0.000E+00   |  XX0123XX0124                              .3149408985045                     0
Series R-L-C.   3.321E+02  0.000E+00  0.000E+00   |  XX0124XX0125             332.06409002165                                     0
Series R-L-C.   0.000E+00  3.383E-04  0.000E+00   |  XX0124XX0125                             .33830666616753                     0
Series R-L-C.   1.407E+01  0.000E+00  0.000E+00   |  XX0125XX0126             14.072383048815                                     0
Series R-L-C.   0.000E+00  3.840E-04  0.000E+00   |  XX0125XX0126                             .38396366810306                     0
Series R-L-C.   2.321E+00  0.000E+00  0.000E+00   |  XX0126XX0127             2.3214336210278                                     0
Series R-L-C.   0.000E+00  7.625E-04  0.000E+00   |  XX0126XX0127                             .76246055299873                     0
Series R-L-C.   3.500E-02  0.000E+00  0.000E+00   |  XX0127XX0128             .03499976644333                                     0
Series R-L-C.   0.000E+00  3.050E-04  0.000E+00   |  XX0127XX0128                             .30502660659244                     0
Series R-L-C.   0.000E+00  0.000E+00  1.335E-06   |  XX0128                                                    1.334723458597     0
Series R-L-C.   2.158E+00  0.000E+00  0.000E+00   |  XX0128XX0129              2.158395535095                                     0
Series R-L-C.   0.000E+00  8.417E-02  0.000E+00   |  XX0129XX0130                             84.167390974976                     0
Series R-L-C.   3.729E+03  0.000E+00  0.000E+00   |  XX0130XX0131              3729.014268563                                     0
Series R-L-C.   0.000E+00  3.149E-04  0.000E+00   |  XX0130XX0131                              .3149408985045                     0
Series R-L-C.   3.321E+02  0.000E+00  0.000E+00   |  XX0131XX0132             332.06409002165                                     0
Series R-L-C.   0.000E+00  3.383E-04  0.000E+00   |  XX0131XX0132                             .33830666616753                     0
Series R-L-C.   1.407E+01  0.000E+00  0.000E+00   |  XX0132XX0133             14.072383048815                                     0
Series R-L-C.   0.000E+00  3.840E-04  0.000E+00   |  XX0132XX0133                             .38396366810306                     0
Series R-L-C.   2.321E+00  0.000E+00  0.000E+00   |  XX0133XX0134             2.3214336210278                                     0
Series R-L-C.   0.000E+00  7.625E-04  0.000E+00   |  XX0133XX0134                             .76246055299873                     0
Series R-L-C.   3.500E-02  0.000E+00  0.000E+00   |  XX0134XX0135             .03499976644333                                     0
Series R-L-C.   0.000E+00  3.050E-04  0.000E+00   |  XX0134XX0135                             .30502660659244                     0
Series R-L-C.   0.000E+00  0.000E+00  1.335E-06   |  XX0135                                                    1.334723458597     0
Series R-L-C.   2.158E+00  0.000E+00  0.000E+00   |  XX0135XX0136              2.158395535095                                     0
Series R-L-C.   0.000E+00  8.417E-02  0.000E+00   |  XX0136XX0137                             84.167390974976                     0
Series R-L-C.   3.729E+03  0.000E+00  0.000E+00   |  XX0137XX0138              3729.014268563                                     0
Series R-L-C.   0.000E+00  3.149E-04  0.000E+00   |  XX0137XX0138                              .3149408985045                     0
Series R-L-C.   3.321E+02  0.000E+00  0.000E+00   |  XX0138XX0139             332.06409002165                                     0
Series R-L-C.   0.000E+00  3.383E-04  0.000E+00   |  XX0138XX0139                             .33830666616753                     0
Series R-L-C.   1.407E+01  0.000E+00  0.000E+00   |  XX0139XX0140             14.072383048815                                     0
Series R-L-C.   0.000E+00  3.840E-04  0.000E+00   |  XX0139XX0140                             .38396366810306                     0
Series R-L-C.   2.321E+00  0.000E+00  0.000E+00   |  XX0140XX0141             2.3214336210278                                     0
Series R-L-C.   0.000E+00  7.625E-04  0.000E+00   |  XX0140XX0141                             .76246055299873                     0
Series R-L-C.   3.500E-02  0.000E+00  0.000E+00   |  XX0141XX0142             .03499976644333                                     0
Series R-L-C.   0.000E+00  3.050E-04  0.000E+00   |  XX0141XX0142                             .30502660659244                     0
Series R-L-C.   0.000E+00  0.000E+00  1.335E-06   |  XX0142                                                    1.334723458597     0
Series R-L-C.   2.158E+00  0.000E+00  0.000E+00   |  XX0142XX0143              2.158395535095                                     0
Series R-L-C.   0.000E+00  8.417E-02  0.000E+00   |  XX0143XX0144                             84.167390974976                     0
Series R-L-C.   3.729E+03  0.000E+00  0.000E+00   |  XX0144XX0145              3729.014268563                                     0
Series R-L-C.   0.000E+00  3.149E-04  0.000E+00   |  XX0144XX0145                              .3149408985045                     0
Series R-L-C.   3.321E+02  0.000E+00  0.000E+00   |  XX0145XX0146             332.06409002165                                     0
Series R-L-C.   0.000E+00  3.383E-04  0.000E+00   |  XX0145XX0146                             .33830666616753                     0
Series R-L-C.   1.407E+01  0.000E+00  0.000E+00   |  XX0146XX0147             14.072383048815                                     0
Series R-L-C.   0.000E+00  3.840E-04  0.000E+00   |  XX0146XX0147                             .38396366810306                     0
Series R-L-C.   2.321E+00  0.000E+00  0.000E+00   |  XX0147XX0148             2.3214336210278                                     0
Series R-L-C.   0.000E+00  7.625E-04  0.000E+00   |  XX0147XX0148                             .76246055299873                     0
Series R-L-C.   3.500E-02  0.000E+00  0.000E+00   |  XX0148XX0149             .03499976644333                                     0
Series R-L-C.   0.000E+00  3.050E-04  0.000E+00   |  XX0148XX0149                             .30502660659244                     0
Series R-L-C.   0.000E+00  0.000E+00  1.335E-06   |  XX0149                                                    1.334723458597     0
Series R-L-C.   2.158E+00  0.000E+00  0.000E+00   |  XX0149XX0150              2.158395535095                                     0
Series R-L-C.   0.000E+00  8.417E-02  0.000E+00   |  XX0150XX0151                             84.167390974976                     0
Series R-L-C.   3.729E+03  0.000E+00  0.000E+00   |  XX0151XX0152              3729.014268563                                     0
Series R-L-C.   0.000E+00  3.149E-04  0.000E+00   |  XX0151XX0152                              .3149408985045                     0
Series R-L-C.   3.321E+02  0.000E+00  0.000E+00   |  XX0152XX0153             332.06409002165                                     0
Series R-L-C.   0.000E+00  3.383E-04  0.000E+00   |  XX0152XX0153                             .33830666616753                     0
Series R-L-C.   1.407E+01  0.000E+00  0.000E+00   |  XX0153XX0154             14.072383048815                                     0
Series R-L-C.   0.000E+00  3.840E-04  0.000E+00   |  XX0153XX0154                             .38396366810306                     0
Series R-L-C.   2.321E+00  0.000E+00  0.000E+00   |  XX0154XX0155             2.3214336210278                                     0
Series R-L-C.   0.000E+00  7.625E-04  0.000E+00   |  XX0154XX0155                             .76246055299873                     0
Series R-L-C.   3.500E-02  0.000E+00  0.000E+00   |  XX0155XX0156             .03499976644333                                     0
Series R-L-C.   0.000E+00  3.050E-04  0.000E+00   |  XX0155XX0156                             .30502660659244                     0
Series R-L-C.   0.000E+00  0.000E+00  6.674E-07   |  XX0156                                                   .66736172929847     0
Comment card.   NUMDCD = 301.                     |C ------------------------------------------------------------------------------
Comment card.   NUMDCD = 302.                     |C Zs parameters
Series R-L-C.   5.000E-01  0.000E+00  0.000E+00   |  X0001AXX0002                         0.5                                     0
Series R-L-C.   0.000E+00  3.000E-02  0.000E+00   |  XX0002XX0005                                         30.                     0
Series R-L-C.   5.000E-01  0.000E+00  0.000E+00   |  X0001BXX0003                         0.5                                     0
Series R-L-C.   0.000E+00  3.000E-02  0.000E+00   |  XX0003XX0006                                         30.                     0
Series R-L-C.   5.000E-01  0.000E+00  0.000E+00   |  X0001CXX0004                         0.5                                     0
Series R-L-C.   0.000E+00  3.000E-02  0.000E+00   |  XX0004XX0007                                         30.                     0
Comment card.   NUMDCD = 309.                     |C ------------------------------------------------------------------------------
Comment card.   NUMDCD = 310.                     |C RT parameters
Series R-L-C.   1.000E+07  0.000E+00  0.000E+00   |  XX0005                              .1E8                                     0
Series R-L-C.   1.000E+07  0.000E+00  0.000E+00   |  XX0006                              .1E8                                     0
Series R-L-C.   1.000E+07  0.000E+00  0.000E+00   |  XX0007                              .1E8                                     0
Series R-L-C.   1.000E+07  0.000E+00  0.000E+00   |  XX0008                              .1E8                                     0
Series R-L-C.   1.000E+07  0.000E+00  0.000E+00   |  XX0009                              .1E8                                     0
Series R-L-C.   1.000E+07  0.000E+00  0.000E+00   |  XX0010                              .1E8                                     0
Series R-L-C.   1.000E+07  0.000E+00  0.000E+00   |  XX0011                              .1E8                                     0
Series R-L-C.   1.000E+07  0.000E+00  0.000E+00   |  XX0012                              .1E8                                     0
Series R-L-C.   1.000E+07  0.000E+00  0.000E+00   |  XX0087                              .1E8                                     0
Series R-L-C.   1.000E+07  0.000E+00  0.000E+00   |  XX0156                              .1E8                                     0
Series R-L-C.   1.000E+07  0.000E+00  0.000E+00   |  XX0015                              .1E8                                     0
Series R-L-C.   1.000E+07  0.000E+00  0.000E+00   |  XX0157                              .1E8                                     0
Series R-L-C.   1.000E+07  0.000E+00  0.000E+00   |  XX0158                              .1E8                                     0
Series R-L-C.   1.000E+07  0.000E+00  0.000E+00   |  XX0159                              .1E8                                     0
Series R-L-C.   1.000E+07  0.000E+00  0.000E+00   |  XX0160                              .1E8                                     0
Series R-L-C.   1.000E+07  0.000E+00  0.000E+00   |  XX0161                              .1E8                                     0
Series R-L-C.   1.000E+06  0.000E+00  0.000E+00   |  PHASEA                              .1E7                                     0
Series R-L-C.   1.000E+06  0.000E+00  0.000E+00   |  PHASEB                              .1E7                                     0
Series R-L-C.   1.000E+06  0.000E+00  0.000E+00   |  PHASEC                              .1E7                                     0
New MOLDAT = 0     (data vintage).                |$VINTAGE, 0
Blank card ending branches.  IBR, NTOT = 287  166 |BLANK BRANCH
Comment card.   NUMDCD = 332.                     |C < n 1>< n 2>< Tclose ><Top/Tde ><   Ie   ><Vf/CLOP ><  type  >
Blank card ending switches.   KSWTCH = 0.         |BLANK SWITCH
Comment card.   NUMDCD = 334.                     |C < n 1><>< Ampl.  >< Freq.  ><Phase/T0><   A1   ><   T1   >< TSTART >< TSTOP  >
Source.   1.00E-20  6.00E+01  0.00E+00 -1.00E+00  |14XX0005      1.E-20       60.                                     -1.       10.
Source-18.  8.1650E-01 "XX0013","      ","      " |18XX0008  .816496581XX0013
Source.   1.00E-20  6.00E+01  0.00E+00 -1.00E+00  |14XX0006      1.E-20       60.                                     -1.       10.
Source-18.  4.0825E-01 "      ","XX0013","      " |18XX0009   .40824829      XX0013
Source.   1.00E-20  6.00E+01  0.00E+00 -1.00E+00  |14XX0007      1.E-20       60.                                     -1.       10.
Source-18.  4.0825E-01 "      ","XX0013","      " |18XX0010   .40824829      XX0013
Source.   1.00E-20  6.00E+01  0.00E+00 -1.00E+00  |14XX0009      1.E-20       60.                                     -1.       10.
Source-18.  7.0711E-01 "XX0014","      ","      " |18XX0011  .707106781XX0014
Source.   1.00E-20  6.00E+01  0.00E+00 -1.00E+00  |14XX0010      1.E-20       60.                                     -1.       10.
Source-18.  7.0711E-01 "      ","XX0014","      " |18XX0012  .707106781      XX0014
Source.   1.00E-20  6.00E+01  0.00E+00 -1.00E+00  |14XX0008      1.E-20       60.                                     -1.       10.
Source-18.  5.7735E-01 "XX0015","      ","      " |18        .577350269XX0015
Source.   1.00E-20  6.00E+01  0.00E+00 -1.00E+00  |14XX0011      1.E-20       60.                                     -1.       10.
Source-18.  5.7735E-01 "XX0015","      ","      " |18        .577350269XX0015
Source.   1.00E-20  6.00E+01  0.00E+00 -1.00E+00  |14XX0012      1.E-20       60.                                     -1.       10.
Source-18.  5.7735E-01 "XX0015","      ","      " |18        .577350269XX0015
Source.   1.00E+00  6.00E+01  0.00E+00  0.00E+00  |14X0001A          1.       60.        0.                                     10.
Source.   1.00E+00  6.00E+01 -1.20E+02  0.00E+00  |14X0001B          1.       60.     -120.                                     10.
Source.   1.00E+00  6.00E+01  1.20E+02  0.00E+00  |14X0001C          1.       60.      120.                                     10.
Source.   1.00E-20  6.00E+01  0.00E+00 -1.00E+00  |14XX0087      1.E-20       60.                                     -1.       10.
Source-18.  8.1650E-01 "PHASEA","      ","      " |18XX0157  .816496581PHASEA
Source.   1.00E-20  6.00E+01  0.00E+00 -1.00E+00  |14XX0015      1.E-20       60.                                     -1.       10.
Source-18.  5.7735E-01 "PHASEA","      ","      " |18XX0160  .577350269PHASEA
Source.   1.00E-20  6.00E+01  0.00E+00 -1.00E+00  |14XX0156      1.E-20       60.                                     -1.       10.
Source-18.  7.0711E-01 "PHASEB","      ","      " |18XX0159  .707106781PHASEB
Source.   1.00E-20  6.00E+01  0.00E+00 -1.00E+00  |14XX0160      1.E-20       60.                                     -1.       10.
Source-18.  5.7735E-01 "PHASEB","      ","      " |18XX0161  .577350269PHASEB
Source.   1.00E-20  6.00E+01  0.00E+00 -1.00E+00  |14XX0161      1.E-20       60.                                     -1.       10.
Source-18.  5.7735E-01 "PHASEC","      ","      " |18        .577350269PHASEC
Source.   1.00E-20  6.00E+01  0.00E+00 -1.00E+00  |14XX0159      1.E-20       60.                                     -1.       10.
Source-18.  7.0711E-01 "      ","PHASEC","      " |18        .707106781      PHASEC
Source.   1.00E-20  6.00E+01  0.00E+00 -1.00E+00  |14XX0158      1.E-20       60.                                     -1.       10.
Source-18.  4.0825E-01 "      ","PHASEC","      " |18         .40824829      PHASEC
Source.   1.00E-20  6.00E+01  0.00E+00 -1.00E+00  |14XX0157      1.E-20       60.                                     -1.       10.
Source-18.  4.0825E-01 "      ","PHASEB","      " |18XX0158   .40824829      PHASEB
Blank card ends electric sources.  KCONST = 35    |BLANK SOURCE
 
List of input elements that are connected to each node.   Only the physical connections of multi-phase lines are shown (capacitive
and inductive coupling are ignored).   Repeated entries indicate parallel connections.   Switches are included,  although sources
(including rotating machinery) are omitted -- except that U.M. usage produces extra,  internally-defined nodes  "UMXXXX".
--------------+------------------------------
From bus name |  Names of all adjacent busses.
--------------+------------------------------
       XX0013 |TERRA *TERRA *TERRA *TERRA *XX0016*18TYP1*18TYP2*18TYP3*
       XX0016 |XX0013*XX0019*
       XX0014 |TERRA *TERRA *TERRA *XX0017*18TYP4*18TYP5*
       XX0017 |XX0014*XX0088*
       XX0019 |XX0016*XX0020*XX0020*
       XX0020 |XX0019*XX0019*XX0021*XX0021*
       XX0021 |XX0020*XX0020*XX0022*XX0022*
       XX0022 |XX0021*XX0021*XX0023*XX0023*
       XX0023 |XX0022*XX0022*XX0024*XX0024*
       XX0024 |TERRA *XX0023*XX0023*XX0025*
       XX0025 |XX0024*XX0026*
       XX0026 |XX0025*XX0027*XX0027*
       XX0027 |XX0026*XX0026*XX0028*XX0028*
       XX0028 |XX0027*XX0027*XX0029*XX0029*
       XX0029 |XX0028*XX0028*XX0030*XX0030*
       XX0030 |XX0029*XX0029*XX0031*XX0031*
       XX0031 |TERRA *XX0030*XX0030*XX0032*
       XX0032 |XX0031*XX0033*
       XX0033 |XX0032*XX0034*XX0034*
       XX0034 |XX0033*XX0033*XX0035*XX0035*
       XX0035 |XX0034*XX0034*XX0036*XX0036*
       XX0036 |XX0035*XX0035*XX0037*XX0037*
       XX0037 |XX0036*XX0036*XX0038*XX0038*
       XX0038 |TERRA *XX0037*XX0037*XX0039*
       XX0039 |XX0038*XX0040*
       XX0040 |XX0039*XX0041*XX0041*
       XX0041 |XX0040*XX0040*XX0042*XX0042*
       XX0042 |XX0041*XX0041*XX0043*XX0043*
       XX0043 |XX0042*XX0042*XX0044*XX0044*
       XX0044 |XX0043*XX0043*XX0045*XX0045*
       XX0045 |TERRA *XX0044*XX0044*XX0046*
       XX0046 |XX0045*XX0047*
       XX0047 |XX0046*XX0048*XX0048*
       XX0048 |XX0047*XX0047*XX0049*XX0049*
       XX0049 |XX0048*XX0048*XX0050*XX0050*
       XX0050 |XX0049*XX0049*XX0051*XX0051*
       XX0051 |XX0050*XX0050*XX0052*XX0052*
       XX0052 |TERRA *XX0051*XX0051*XX0053*
       XX0053 |XX0052*XX0054*
       XX0054 |XX0053*XX0055*XX0055*
       XX0055 |XX0054*XX0054*XX0056*XX0056*
       XX0056 |XX0055*XX0055*XX0057*XX0057*
       XX0057 |XX0056*XX0056*XX0058*XX0058*
       XX0058 |XX0057*XX0057*XX0059*XX0059*
       XX0059 |TERRA *XX0058*XX0058*XX0060*
       XX0060 |XX0059*XX0061*
       XX0061 |XX0060*XX0062*XX0062*
       XX0062 |XX0061*XX0061*XX0063*XX0063*
       XX0063 |XX0062*XX0062*XX0064*XX0064*
       XX0064 |XX0063*XX0063*XX0065*XX0065*
       XX0065 |XX0064*XX0064*XX0066*XX0066*
       XX0066 |TERRA *XX0065*XX0065*XX0067*
       XX0067 |XX0066*XX0068*
       XX0068 |XX0067*XX0069*XX0069*
       XX0069 |XX0068*XX0068*XX0070*XX0070*
       XX0070 |XX0069*XX0069*XX0071*XX0071*
       XX0071 |XX0070*XX0070*XX0072*XX0072*
       XX0072 |XX0071*XX0071*XX0073*XX0073*
       XX0073 |TERRA *XX0072*XX0072*XX0074*
       XX0074 |XX0073*XX0075*
       XX0075 |XX0074*XX0076*XX0076*
       XX0076 |XX0075*XX0075*XX0077*XX0077*
       XX0077 |XX0076*XX0076*XX0078*XX0078*
       XX0078 |XX0077*XX0077*XX0079*XX0079*
       XX0079 |XX0078*XX0078*XX0080*XX0080*
       XX0080 |TERRA *XX0079*XX0079*XX0081*
       XX0081 |XX0080*XX0082*
       XX0082 |XX0081*XX0083*XX0083*
       XX0083 |XX0082*XX0082*XX0084*XX0084*
       XX0084 |XX0083*XX0083*XX0085*XX0085*
       XX0085 |XX0084*XX0084*XX0086*XX0086*
       XX0086 |XX0085*XX0085*XX0087*XX0087*
       XX0087 |TERRA *TERRA *TERRA *XX0086*XX0086*18TYP9*
       XX0088 |XX0017*XX0089*XX0089*
       XX0089 |XX0088*XX0088*XX0090*XX0090*
       XX0090 |XX0089*XX0089*XX0091*XX0091*
       XX0091 |XX0090*XX0090*XX0092*XX0092*
       XX0092 |XX0091*XX0091*XX0093*XX0093*
       XX0093 |TERRA *XX0092*XX0092*XX0094*
       XX0094 |XX0093*XX0095*
       XX0095 |XX0094*XX0096*XX0096*
       XX0096 |XX0095*XX0095*XX0097*XX0097*
       XX0097 |XX0096*XX0096*XX0098*XX0098*
       XX0098 |XX0097*XX0097*XX0099*XX0099*
       XX0099 |XX0098*XX0098*XX0100*XX0100*
       XX0100 |TERRA *XX0099*XX0099*XX0101*
       XX0101 |XX0100*XX0102*
       XX0102 |XX0101*XX0103*XX0103*
       XX0103 |XX0102*XX0102*XX0104*XX0104*
       XX0104 |XX0103*XX0103*XX0105*XX0105*
       XX0105 |XX0104*XX0104*XX0106*XX0106*
       XX0106 |XX0105*XX0105*XX0107*XX0107*
       XX0107 |TERRA *XX0106*XX0106*XX0108*
       XX0108 |XX0107*XX0109*
       XX0109 |XX0108*XX0110*XX0110*
       XX0110 |XX0109*XX0109*XX0111*XX0111*
       XX0111 |XX0110*XX0110*XX0112*XX0112*
       XX0112 |XX0111*XX0111*XX0113*XX0113*
       XX0113 |XX0112*XX0112*XX0114*XX0114*
       XX0114 |TERRA *XX0113*XX0113*XX0115*
       XX0115 |XX0114*XX0116*
       XX0116 |XX0115*XX0117*XX0117*
       XX0117 |XX0116*XX0116*XX0118*XX0118*
       XX0118 |XX0117*XX0117*XX0119*XX0119*
       XX0119 |XX0118*XX0118*XX0120*XX0120*
       XX0120 |XX0119*XX0119*XX0121*XX0121*
       XX0121 |TERRA *XX0120*XX0120*XX0122*
       XX0122 |XX0121*XX0123*
       XX0123 |XX0122*XX0124*XX0124*
       XX0124 |XX0123*XX0123*XX0125*XX0125*
       XX0125 |XX0124*XX0124*XX0126*XX0126*
       XX0126 |XX0125*XX0125*XX0127*XX0127*
       XX0127 |XX0126*XX0126*XX0128*XX0128*
       XX0128 |TERRA *XX0127*XX0127*XX0129*
       XX0129 |XX0128*XX0130*
       XX0130 |XX0129*XX0131*XX0131*
       XX0131 |XX0130*XX0130*XX0132*XX0132*
       XX0132 |XX0131*XX0131*XX0133*XX0133*
       XX0133 |XX0132*XX0132*XX0134*XX0134*
       XX0134 |XX0133*XX0133*XX0135*XX0135*
       XX0135 |TERRA *XX0134*XX0134*XX0136*
       XX0136 |XX0135*XX0137*
       XX0137 |XX0136*XX0138*XX0138*
       XX0138 |XX0137*XX0137*XX0139*XX0139*
       XX0139 |XX0138*XX0138*XX0140*XX0140*
       XX0140 |XX0139*XX0139*XX0141*XX0141*
       XX0141 |XX0140*XX0140*XX0142*XX0142*
       XX0142 |TERRA *XX0141*XX0141*XX0143*
       XX0143 |XX0142*XX0144*
       XX0144 |XX0143*XX0145*XX0145*
       XX0145 |XX0144*XX0144*XX0146*XX0146*
       XX0146 |XX0145*XX0145*XX0147*XX0147*
       XX0147 |XX0146*XX0146*XX0148*XX0148*
       XX0148 |XX0147*XX0147*XX0149*XX0149*
       XX0149 |TERRA *XX0148*XX0148*XX0150*
       XX0150 |XX0149*XX0151*
       XX0151 |XX0150*XX0152*XX0152*
       XX0152 |XX0151*XX0151*XX0153*XX0153*
       XX0153 |XX0152*XX0152*XX0154*XX0154*
       XX0154 |XX0153*XX0153*XX0155*XX0155*
       XX0155 |XX0154*XX0154*XX0156*XX0156*
       XX0156 |TERRA *TERRA *TERRA *XX0155*XX0155*18TY11*
       X0001A |XX0002*
       XX0002 |X0001A*XX0005*
       XX0005 |TERRA *TERRA *XX0002*18TYP1*
       X0001B |XX0003*
       XX0003 |X0001B*XX0006*
       XX0006 |TERRA *TERRA *XX0003*18TYP2*
       X0001C |XX0004*
       XX0004 |X0001C*XX0007*
       XX0007 |TERRA *TERRA *XX0004*18TYP3*
       XX0008 |TERRA *TERRA *TERRA *18TYP1*18TYP6*
       XX0009 |TERRA *TERRA *TERRA *18TYP2*18TYP4*
       XX0010 |TERRA *TERRA *TERRA *18TYP3*18TYP5*
       XX0011 |TERRA *TERRA *TERRA *18TYP4*18TYP7*
       XX0012 |TERRA *TERRA *TERRA *18TYP5*18TYP8*
       XX0015 |TERRA *TERRA *TERRA *TERRA *TERRA *18TYP6*18TYP7*18TYP8*18TY10*
       XX0157 |TERRA *TERRA *TERRA *18TYP9*18TY16*
       XX0158 |TERRA *TERRA *TERRA *18TY15*18TY16*
       XX0159 |TERRA *TERRA *TERRA *18TY11*18TY14*
       XX0160 |TERRA *TERRA *TERRA *18TY10*18TY12*
       XX0161 |TERRA *TERRA *TERRA *18TY12*18TY13*
       PHASEA |TERRA *TERRA *TERRA *18TYP9*18TY10*
       PHASEB |TERRA *TERRA *TERRA *TERRA *18TY11*18TY12*18TY16*
       PHASEC |TERRA *TERRA *TERRA *TERRA *18TY13*18TY14*18TY15*
       18TYP1 |TERRA *XX0013*XX0005*XX0008*
       18TYP2 |TERRA *XX0013*XX0006*XX0009*
       18TYP3 |TERRA *XX0013*XX0007*XX0010*
       18TYP4 |TERRA *XX0014*XX0009*XX0011*
       18TYP5 |TERRA *XX0014*XX0010*XX0012*
       18TYP6 |TERRA *TERRA *XX0008*XX0015*
       18TYP7 |TERRA *TERRA *XX0011*XX0015*
       18TYP8 |TERRA *TERRA *XX0012*XX0015*
       18TYP9 |TERRA *XX0087*XX0157*PHASEA*
       18TY10 |TERRA *XX0015*XX0160*PHASEA*
       18TY11 |TERRA *XX0156*XX0159*PHASEB*
       18TY12 |TERRA *XX0160*XX0161*PHASEB*
       18TY13 |TERRA *TERRA *XX0161*PHASEC*
       18TY14 |TERRA *TERRA *XX0159*PHASEC*
       18TY15 |TERRA *TERRA *XX0158*PHASEC*
       18TY16 |TERRA *XX0157*XX0158*PHASEB*
       TERRA  |XX0013*XX0013*XX0013*XX0013*XX0014*XX0014*XX0014*XX0024*XX0031*XX0038*XX0045*XX0052*XX0059*XX0066*XX0073*
              |XX0080*XX0087*XX0087*XX0087*XX0093*XX0100*XX0107*XX0114*XX0121*XX0128*XX0135*XX0142*XX0149*XX0156*XX0156*
              |XX0156*XX0005*XX0005*XX0006*XX0006*XX0007*XX0007*XX0008*XX0008*XX0008*XX0009*XX0009*XX0009*XX0010*XX0010*
              |XX0010*XX0011*XX0011*XX0011*XX0012*XX0012*XX0012*XX0015*XX0015*XX0015*XX0015*XX0015*XX0157*XX0157*XX0157*
              |XX0158*XX0158*XX0158*XX0159*XX0159*XX0159*XX0160*XX0160*XX0160*XX0161*XX0161*XX0161*PHASEA*PHASEA*PHASEA*
              |PHASEB*PHASEB*PHASEB*PHASEB*PHASEC*PHASEC*PHASEC*PHASEC*18TYP1*18TYP2*18TYP3*18TYP4*18TYP5*18TYP6*18TYP6*
              |18TYP7*18TYP7*18TYP8*18TYP8*18TYP9*18TY10*18TY11*18TY12*18TY13*18TY13*18TY14*18TY14*18TY15*18TY15*18TY16*
              |
--------------+------------------------------
 
Sinusoidal steady-state phasor solution, branch by branch.   All flows are away from a bus,  and the real part,  magnitude,  or  "P"
is printed above the imaginary part,  the angle,  or  "Q".   The first solution frequency  =  6.00000000E+01  Hertz.
  Bus K                        Phasor  node  voltage              Phasor  branch  current               Power flow       Power loss
             Bus M         Rectangular            Polar          Rectangular            Polar            P  and  Q        P  and  Q
 
 XX0013               -.166424217E-24  .8307007537E-23      -.127302273E-26  .1273738693E-26      -.713927206E-52  .1750901528E-53
                      -.830534028E-23      -91.1479517       .427011105E-28      178.0788431      .5289996732E-50              0.0
 
            XX0016    -.163676531E-24  .8307045092E-23      .1273022731E-26  .1273738693E-26      .7314362217E-52
                      -.830543245E-23      -91.1289913      -.427011105E-28       -1.9211569      -.528999673E-50
 
 XX0014               -.117040355E-24  .5539003302E-23      -.139322022E-26  .1393555205E-26      -.306805576E-53  .2095797867E-53
                      -.553776662E-23      -91.2107625      .3055367124E-28      178.7436905      .3859452223E-50        0.0000000
 
            XX0017    -.114033235E-24   .553900651E-23      .1393220221E-26  .1393555205E-26      .5163853624E-53
                      -.553783257E-23      -91.1796492      -.305536712E-28       -1.2563095      -.385945222E-50
 
 XX0013               -.166424217E-24  .8307007537E-23       .208953595E-26  .2089955414E-26       -.35498262E-68   -.35498262E-68
                      -.830534028E-23      -91.1479517      -.418705765E-28       -1.1479517      -.868063769E-50        0.0000000
 
            TERRA                 0.0              0.0      -.208953595E-26  .2089955414E-26                  0.0
                                  0.0              0.0      .4187057647E-28      178.8520483                  0.0
 
 XX0014               -.117040355E-24  .5539003302E-23      .1393243629E-26  .1393554765E-26      -.937262785E-69  -.937262785E-69
                      -.553776662E-23      -91.2107625      -.294461179E-28       -1.2107625      -.385945222E-50        0.0000000
 
            TERRA                 0.0              0.0      -.139324363E-26  .1393554765E-26                  0.0
                                  0.0              0.0      .2944611792E-28      178.7892375                  0.0
 
 XX0016               -.163676531E-24  .8307045092E-23      -.127302273E-26  .1273738693E-26      -.731436222E-52              0.0
                      -.830543245E-23      -91.1289913       .427011105E-28      178.0788431      .5289996732E-50        0.0000000
 
            XX0019    -.162321609E-24  .8266632787E-23      .1273022731E-26  .1273738693E-26      .7314362217E-52
                      -.826503898E-23      -91.1251184      -.427011105E-28       -1.9211569       -.52642569E-50
 
 XX0019               -.162321609E-24  .8266632787E-23      -.136087221E-32  .4055519344E-31      .1676111934E-54  .3066599101E-59
                      -.826503898E-23      -91.1251184      -.405323543E-31      -91.9229812       .233419246E-56        0.0000000
 
            XX0020    -.162316535E-24  .8266481571E-23      .1360872214E-32  .4055519344E-31      -.167608127E-54
                      -.826488783E-23      -91.1251038      .4053235426E-31       88.0770188      -.233419246E-56
 
 XX0019               -.162321609E-24  .8266632787E-23      -.127302137E-26  .1273738692E-26      -.733112334E-52              0.0
                      -.826503898E-23      -91.1251184      .4274164285E-28      178.0770188      .5264254568E-50        0.0000000
 
            XX0020    -.162316535E-24  .8266481571E-23       .127302137E-26  .1273738692E-26      .7331123336E-52
                      -.826488783E-23      -91.1251038      -.427416428E-28       -1.9229812      -.526415825E-50
 
 XX0020               -.162316535E-24  .8266481571E-23      -.165883585E-31  .4892153452E-30      .2021838718E-53  .3973672395E-58
                      -.826488783E-23      -91.1251038      -.488934025E-30      -91.9431630        .28869423E-55              0.0
 
            XX0021    -.162311026E-24  .8266319137E-23      .1658835852E-31  .4892153452E-30      -.202179898E-53
                      -.826472548E-23      -91.1250878      .4889340245E-30       88.0568370       -.28869423E-55
 
 XX0020               -.162316535E-24  .8266481571E-23      -.127300614E-26  .1273738599E-26       -.75165464E-52              0.0
                      -.826488783E-23      -91.1251038      .4319004452E-28      178.0568370      .5264131718E-50        0.0000000
 
            XX0021    -.162311026E-24  .8266319137E-23      .1273006142E-26  .1273738599E-26      .7516546395E-52
                      -.826472548E-23      -91.1250878      -.431900445E-28       -1.9431630      -.526402826E-50
 
 XX0021               -.162311026E-24  .8266319137E-23      -.573862552E-30  .1310119679E-28      .5413350807E-52  .1207701464E-56
                      -.826472548E-23      -91.1250878      -.130886225E-28      -92.5104901      .1309194353E-53        0.0000000
 
            XX0022    -.162302951E-24  .8266134826E-23      .5738625524E-30  .1310119679E-28      -.541323004E-52
                      -.826454129E-23      -91.1250569      .1308862251E-28       87.4895099      -.130919435E-53
 
 XX0021               -.162311026E-24  .8266319137E-23      -.127244887E-26  .1273671314E-26      -.127277173E-51              0.0
                      -.826472548E-23      -91.1250878        .55789733E-28      177.4895099      .5262747933E-50        0.0000000
 
            XX0022    -.162302951E-24  .8266134826E-23      .1272448868E-26  .1273671314E-26       .127277173E-51
                      -.826454129E-23      -91.1250569       -.55789733E-28       -2.5104901      -.526263052E-50
 
 XX0022               -.162302951E-24  .8266134826E-23      -.244300591E-28  .1565195684E-27      .6408367556E-51  .2843567603E-55
                      -.826454129E-23      -91.1250569      -.154601253E-27      -98.9796177      .8840549607E-52              0.0
 
            XX0023    -.162246238E-24  .8265774885E-23      .2443005905E-28  .1565195684E-27       -.64080832E-51
                      -.826418239E-23      -91.1247127      .1546012532E-27       81.0203823      -.884054961E-52
 
 XX0022               -.162302951E-24  .8266134826E-23      -.124859267E-26  .1264085394E-26      -.713981628E-51              0.0
                      -.826454129E-23      -91.1250569      .1973023637E-27      171.0203823      .5175534221E-50        0.0000000
 
            XX0023    -.162246238E-24  .8265774885E-23      .1248592672E-26  .1264085394E-26      .7139816283E-51
                      -.826418239E-23      -91.1247127      -.197302364E-27       -8.9796177      -.517530457E-50
 
 XX0023               -.162246238E-24  .8265774885E-23      -.117698509E-26  .1218546329E-26       .139929296E-50  .2598479184E-55
                      -.826418239E-23      -91.1247127      -.315533273E-27     -164.9926847        .48378127E-50        0.0000000
 
            XX0024    -.162205044E-24  .8265763035E-23      .1176985094E-26  .1218546329E-26      -.139926697E-50
                      -.826417135E-23      -91.1244287      .3155332726E-27       15.0073153       -.48378127E-50
 
 XX0023               -.162246238E-24  .8265774885E-23      -.960376371E-28  .3708842151E-27      -.147246627E-50  -.144890865E-69
                      -.826418239E-23      -91.1247127      .3582343831E-27      105.0073153      .4258973652E-51        0.0000000
 
            XX0024    -.162205044E-24  .8265763035E-23       .960376371E-28  .3708842151E-27      .1472466268E-50
                      -.826417135E-23      -91.1244287      -.358234383E-27      -74.9926847      -.425889456E-51
 
 XX0024               -.162205044E-24  .8265763035E-23      .4158356561E-26  .4159157464E-26      .3187599036E-68  .3187599036E-68
                      -.826417135E-23      -91.1244287      -.816181537E-28       -1.1244287       -.17189305E-49        0.0000000
 
            TERRA                 0.0              0.0      -.415835656E-26  .4159157464E-26                  0.0
                                  0.0              0.0      .8161815374E-28      178.8755713                  0.0
 
 XX0024               -.162205044E-24  .8265763035E-23      -.543137929E-26  .5432801882E-26      -.731992931E-52  .3185288504E-52
                      -.826417135E-23      -91.1244287      .1243192642E-27      178.6887814      .2245300717E-49              0.0
 
            XX0025    -.150481979E-24  .8265809581E-23      .5431379292E-26  .5432801882E-26      .1050521781E-51
                      -.826443968E-23      -91.0431475      -.124319264E-27       -1.3112186      -.224530072E-49
 
 XX0025               -.150481979E-24  .8265809581E-23      -.543137929E-26  .5432801882E-26      -.105052178E-51  -.152135409E-68
                      -.826443968E-23      -91.0431475      .1243192642E-27      178.6887814      .2245300717E-49        0.0000000
 
            XX0026    -.146537284E-24  .8093426754E-23      .5431379292E-26  .5432801882E-26      .1050521781E-51
                      -.809210006E-23      -91.0374378      -.124319264E-27       -1.3112186      -.219847411E-49
 
 XX0026               -.146537284E-24  .8093426754E-23      -.396376835E-32  .1729776543E-30      .6999828894E-54  .5578841931E-58
                      -.809210006E-23      -91.0374378      -.172932234E-30      -91.3130429      .3367095129E-56        0.0000000
 
            XX0027    -.146522503E-24  .8092781726E-23      .3963768346E-32  .1729776543E-30      -.699927101E-54
                       -.80914552E-23      -91.0374158      .1729322336E-30       88.6869571      -.336709513E-56
 
 XX0026               -.146537284E-24  .8093426754E-23      -.543137533E-26   .543280188E-26      -.105752161E-51  -.362227163E-70
                      -.809210006E-23      -91.0374378      .1244921964E-27      178.6869571       .219847377E-49        0.0000000
 
            XX0027    -.146522503E-24  .8092781726E-23      .5431375328E-26   .543280188E-26       .105752161E-51
                       -.80914552E-23      -91.0374158      -.124492196E-27       -1.3130429      -.219829855E-49
 
 XX0027               -.146522503E-24  .8092781726E-23      -.485495395E-31  .2086621113E-29      .8443172077E-53  .7229014764E-57
                       -.80914552E-23      -91.0374158      -.208605623E-29      -91.3332247      .4359112165E-55              0.0
 
            XX0028    -.146506381E-24  .8092088843E-23      .4854953955E-31  .2086621113E-29      -.844244918E-53
                      -.809076249E-23      -91.0373905      .2086056234E-29       88.6667753      -.435911216E-55
 
 XX0027               -.146522503E-24  .8092781726E-23      -.543133074E-26  .5432801482E-26      -.113495406E-51              0.0
                       -.80914552E-23      -91.0374158      .1264053204E-27      178.6667753       .219829453E-49        0.0000000
 
            XX0028    -.146506381E-24  .8092088843E-23      .5431330742E-26  .5432801482E-26       .113495406E-51
                      -.809076249E-23      -91.0373905       -.12640532E-27       -1.3332247      -.219810631E-49
 
 XX0028               -.146506381E-24  .8092088843E-23      -.185324115E-29   .558797554E-28      .2260663168E-51  .2197083919E-55
                      -.809076249E-23      -91.0373905      -.558490158E-28      -91.9005518      .3405948393E-53              0.0
 
            XX0029    -.146480302E-24  .8091302571E-23      .1853241151E-29   .558797554E-28      -.226044346E-51
                      -.808997656E-23      -91.0373066      .5584901576E-28       88.0994482      -.340594839E-53
 
 XX0028               -.146506381E-24  .8092088843E-23      -.542952605E-26  .5432514496E-26      -.331119274E-51              0.0
                      -.809076249E-23      -91.0373905        .18016828E-27      178.0994482      .2197770077E-49        0.0000000
 
            XX0029    -.146480302E-24  .8091302571E-23      .5429526051E-26  .5432514496E-26      .3311192736E-51
                      -.808997656E-23      -91.0373066       -.18016828E-27       -1.9005518      -.219755648E-49
 
 XX0029               -.146480302E-24  .8091302571E-23      -.971745856E-28   .667593605E-27      .2678764694E-50  .5173096858E-54
                      -.808997656E-23      -91.0373066        -.6604834E-27      -98.3696794       .344696156E-51              0.0
 
            XX0030    -.146254718E-24  .8089765472E-23      .9717458555E-28   .667593605E-27      -.267824738E-50
                       -.80884433E-23      -91.0359058      .6604833997E-27       81.6303206      -.344696156E-51
 
 XX0029               -.146480302E-24  .8091302571E-23      -.533420471E-26  .5391628239E-26      -.278383962E-50              0.0
                      -.808997656E-23      -91.0373066      .7848026639E-27      171.6303206       .216342746E-49        0.0000000
 
            XX0030    -.146254718E-24  .8089765472E-23      .5334204706E-26  .5391628239E-26      .2783839622E-50
                       -.80884433E-23      -91.0359058      -.784802664E-27       -8.3696794      -.216300967E-49
 
 XX0030               -.146254718E-24  .8089765472E-23      -.500551344E-26  .5197393177E-26      .6024672146E-50  .4727225226E-54
                       -.80884433E-23      -91.0359058      -.139918943E-26     -164.3827464      .2014108678E-49              0.0
 
            XX0031    -.146079526E-24  .8089713344E-23      .5005513439E-26  .5197393177E-26      -.602419942E-50
                      -.808839432E-23      -91.0346714      .1399189427E-26       15.6172536      -.201410868E-49
 
 XX0030               -.146254718E-24  .8089765472E-23      -.425865853E-27  .1581910382E-26      -.613026438E-50              0.0
                       -.80884433E-23      -91.0359058      .1523508691E-26      105.6172536       .183370607E-50        0.0000000
 
            XX0031    -.146079526E-24  .8089713344E-23      .4258658532E-27  .1581910382E-26      .6130264383E-50
                      -.808839432E-23      -91.0346714      -.152350869E-26      -74.3827464      -.183356219E-50
 
 XX0031               -.146079526E-24  .8089713344E-23      .4069909274E-26  .4070572976E-26      .5487741522E-68  .5487741522E-68
                      -.808839432E-23      -91.0346714      -.735041336E-28       -1.0346714      -.164648843E-49        0.0000000
 
            TERRA                 0.0              0.0      -.406990927E-26  .4070572976E-26                  0.0
                                  0.0              0.0      .7350413357E-28      178.9653286                  0.0
 
 XX0031               -.146079526E-24  .8089713344E-23      -.950128857E-26  .9503347753E-26       -.10606496E-51  .9746625547E-52
                      -.808839432E-23      -91.0346714      .1978233978E-27      178.8072346      .3843953323E-49              0.0
 
            XX0032    -.125571987E-24  .8089795946E-23      .9501288566E-26  .9503347753E-26      .2035312152E-51
                      -.808882131E-23      -90.8893962      -.197823398E-27       -1.1927654      -.384395332E-49
 
 XX0032               -.125571987E-24  .8089795946E-23      -.950128857E-26  .9503347753E-26      -.203531215E-51   -.68823161E-69
                      -.808882131E-23      -90.8893962      .1978233978E-27      178.8072346      .3843953323E-49        0.0000000
 
            XX0033     -.11929498E-24  .7788255702E-23      .9501288566E-26  .9503347753E-26      .2035312152E-51
                      -.778734201E-23      -90.8776505      -.197823398E-27       -1.1927654      -.370066915E-49
 
 XX0033                -.11929498E-24  .7788255702E-23      -.630822853E-32  .3025817687E-30      .1178274065E-53  .1707063057E-57
                      -.778734201E-23      -90.8776505      -.302516004E-30      -91.1945897      .6517846234E-56        0.0000000
 
            XX0034    -.119271456E-24  .7787127387E-23      .6308228531E-32  .3025817687E-30      -.117810336E-53
                      -.778621392E-23      -90.8776045      .3025160045E-30       88.8054103      -.651784623E-56
 
 XX0033                -.11929498E-24  .7788255702E-23      -.950128226E-26  .9503347748E-26      -.204709489E-51              0.0
                      -.778734201E-23      -90.8776505      .1981259138E-27      178.8054103      .3700668495E-49        0.0000000
 
            XX0034    -.119271456E-24  .7787127387E-23      .9501282258E-26  .9503347748E-26      .2047094893E-51
                      -.778621392E-23      -90.8776045      -.198125914E-27       -1.1945897      -.370013235E-49
 
 XX0034               -.119271456E-24  .7787127387E-23      -.773812546E-31  .3650029302E-29       .142113755E-52  .2211997434E-56
                      -.778621392E-23      -90.8776045      -.364920896E-29      -91.2147715      .8363026786E-55              0.0
 
            XX0035    -.119245761E-24  .7785915365E-23      .7738125463E-31  .3650029302E-29      -.142091635E-52
                      -.778500215E-23      -90.8775520      .3649208961E-29       88.7852285      -.836302679E-55
 
 XX0034               -.119271456E-24  .7787127387E-23      -.950121118E-26  .9503347052E-26      -.217742761E-51              0.0
                      -.778621392E-23      -90.8776045      .2014726067E-27      178.7852285      .3700124637E-49        0.0000000
 
            XX0035    -.119245761E-24  .7785915365E-23      .9501211185E-26  .9503347052E-26      .2177427614E-51
                      -.778500215E-23      -90.8775520      -.201472607E-27       -1.2147715      -.369954871E-49
 
 XX0035               -.119245761E-24  .7785915365E-23      -.303980921E-29  .9774785818E-28      .3804808551E-51  .6722830358E-55
                      -.778500215E-23      -90.8775520        -.9770058E-28      -91.7820986      .6007270632E-53              0.0
 
            XX0036    -.119202983E-24  .7784539991E-23       .303980921E-29  .9774785818E-28      -.380413627E-51
                      -.778362727E-23      -90.8773922      .9770058004E-28       88.2179014      -.600727063E-53
 
 XX0035               -.119245761E-24  .7785915365E-23      -.949824876E-26  .9502845041E-26      -.584014453E-51  .3622271632E-70
                      -.778500215E-23      -90.8775520      .2955239778E-27      178.2179014       .369895635E-49        0.0000000
 
            XX0036    -.119202983E-24  .7784539991E-23      .9498248757E-26  .9502845041E-26      .5840144531E-51
                      -.778362727E-23      -90.8773922      -.295523978E-27       -1.7820986      -.369830277E-49
 
 XX0036               -.119202983E-24  .7784539991E-23      -.167594048E-27  .1167790456E-26      .4507765103E-50  .1582909615E-53
                      -.778362727E-23      -90.8773922      -.115570186E-26      -98.2512262      .5833632487E-51              0.0
 
            XX0037    -.118813925E-24   .778185147E-23      .1675940485E-27  .1167790456E-26      -.450618219E-50
                      -.778094439E-23      -90.8748305      .1155701857E-26       81.7487738      -.583363249E-51
 
 XX0036               -.119202983E-24  .7784539991E-23      -.933369452E-26  .9431324613E-26      -.471136593E-50              0.0
                      -.778362727E-23      -90.8773922      .1353525255E-26      171.7487738      .3640567172E-49        0.0000000
 
            XX0037    -.118813925E-24   .778185147E-23      .9333694517E-26  .9431324613E-26       .471136593E-50
                      -.778094439E-23      -90.8748305      -.135352526E-26       -8.2512262      -.363928878E-49
 
 XX0037               -.118813925E-24   .778185147E-23       -.87508332E-26  .9091558249E-26      .1011233988E-49  .1446477897E-53
                      -.778094439E-23      -90.8748305      -.246563373E-26     -164.2642932      .3389839743E-49              0.0
 
            XX0038    -.118507648E-24  .7781760514E-23      .8750833201E-26  .9091558249E-26      -.101108934E-49
                      -.778085809E-23      -90.8725854      .2465633727E-26       15.7357068      -.338983974E-49
 
 XX0037               -.118813925E-24   .778185147E-23      -.750455364E-27  .2767162285E-26      -.103175236E-49              0.0
                      -.778094439E-23      -90.8748305      .2663457125E-26      105.7357068      .3077853625E-50        0.0000000
 
            XX0038    -.118507648E-24  .7781760514E-23      .7504553645E-27  .2767162285E-26      .1031752361E-49
                      -.778085809E-23      -90.8725854      -.266345713E-26      -74.2642932      -.307741337E-50
 
 XX0038               -.118507648E-24  .7781760514E-23      .3915163533E-26  .3915617613E-26      .7407545486E-68  .7407545486E-68
                      -.778085809E-23      -90.8725854      -.596305465E-28       -0.8725854      -.152351993E-49        0.0000000
 
            TERRA                 0.0              0.0      -.391516353E-26  .3915617613E-26                  0.0
                                  0.0              0.0      .5963054653E-28      179.1274146                  0.0
 
 XX0038               -.118507648E-24  .7781760514E-23      -.134164521E-25  .1341892207E-25      -.206630214E-51   .194328411E-51
                      -.778085809E-23      -90.8725854      .2574539443E-27      178.9006621      .5221101006E-49              0.0
 
            XX0039    -.895496373E-25  .7781929036E-23       .134164521E-25  .1341892207E-25      .4009586247E-51
                      -.778141378E-23      -90.6593390      -.257453944E-27       -1.0993379      -.522110101E-49
 
 XX0039               -.895496373E-25  .7781929036E-23      -.134164521E-25  .1341892207E-25      -.400958625E-51  .1267795071E-68
                      -.778141378E-23      -90.6593390      .2574539443E-27      178.9006621      .5221101006E-49        0.0000000
 
            XX0040    -.813805313E-25  .7356155105E-23       .134164521E-25  .1341892207E-25      .4009586247E-51
                      -.735570494E-23      -90.6338714      -.257453944E-27       -1.0993379      -.493542074E-49
 
 XX0040               -.813805313E-25  .7356155105E-23      -.821080387E-32  .4272516673E-30      .1571412503E-53  .3403545665E-57
                      -.735570494E-23      -90.6338714      -.427172764E-30      -91.1011622      .1281635207E-55        0.0000000
 
            XX0041    -.813499131E-25  .7354561931E-23      .8210803873E-32  .4272516673E-30      -.157107215E-53
                      -.735411201E-23      -90.6337701      .4271727636E-30       88.8988378      -.128163521E-55
 
 XX0040               -.813805313E-25  .7356155105E-23      -.134164439E-25  .1341892206E-25      -.402530037E-51              0.0
                      -.735570494E-23      -90.6338714       .257881117E-27      178.8988378      .4935419453E-49        0.0000000
 
            XX0041    -.813499131E-25  .7354561931E-23      .1341644389E-25  .1341892206E-25      .4025300372E-51
                      -.735411201E-23      -90.6337701      -.257881117E-27       -1.1011622      -.493435048E-49
 
 XX0041               -.813499131E-25  .7354561931E-23      -.100861599E-30  .5153916285E-29      .1895171203E-52  .4410284817E-56
                      -.735411201E-23      -90.6337701      -.515292926E-29      -91.1213440      .1612785756E-54        0.0000000
 
            XX0042    -.813164206E-25  .7352850562E-23      .1008615994E-30  .5153916285E-29      -.189473017E-52
                       -.73524009E-23      -90.6336567      .5152929265E-29       88.8786560      -.161278576E-54
 
 XX0041               -.813499131E-25  .7354561931E-23      -.134163512E-25  .1341892108E-25      -.419910677E-51              0.0
                      -.735411201E-23      -90.6337701      .2626068735E-27      178.8786560      .4934335637E-49        0.0000000
 
            XX0042    -.813164206E-25  .7352850562E-23      .1341635124E-25  .1341892108E-25      .4199106771E-51
                       -.73524009E-23      -90.6336567      -.262606874E-27       -1.1213440      -.493318736E-49
 
 XX0042               -.813164206E-25  .7352850562E-23      -.406731514E-29  .1380219819E-27      .5073414827E-51  .1340399233E-54
                       -.73524009E-23      -90.6336567       -.13796204E-27      -91.6886711      .9342976138E-53              0.0
 
            XX0043    -.812591838E-25  .7350908593E-23      .4067315143E-29  .1380219819E-27      -.507207443E-51
                      -.735045945E-23      -90.6333779      .1379620398E-27       88.3113289      -.934297614E-53
 
 XX0042               -.813164206E-25  .7352850562E-23      -.134123848E-25  .1341821223E-25      -.908304858E-51              0.0
                       -.73524009E-23      -90.6336567      .3954159841E-27      178.3113289       .493226919E-49        0.0000000
 
            XX0043    -.812591838E-25  .7350908593E-23      .1341238478E-25  .1341821223E-25      .9083048581E-51
                      -.735045945E-23      -90.6333779      -.395415984E-27       -1.6886711      -.493096608E-49
 
 XX0043               -.812591838E-25  .7350908593E-23      -.233984959E-27   .164894409E-26      .6008431491E-50  .3156008291E-53
                      -.735045945E-23      -90.6333779      -.163225845E-26      -98.1577987      .7936304802E-51              0.0
 
            XX0044    -.807160032E-25  .7347113658E-23      .2339849586E-27   .164894409E-26      -.600527548E-50
                      -.734667027E-23      -90.6294689      .1632258451E-26       81.8422013       -.79363048E-51
 
 XX0043               -.812591838E-25  .7350908593E-23      -.131824671E-25  .1331722392E-25      -.640952891E-50              0.0
                      -.735045945E-23      -90.6333779      .1889712396E-26      171.8422013      .4852537331E-49        0.0000000
 
            XX0044    -.807160032E-25  .7347113658E-23      .1318246714E-25  .1331722392E-25      .6409528906E-50
                      -.734667027E-23      -90.6294689       -.18897124E-26       -8.1577987      -.484998847E-49
 
 XX0044               -.807160032E-25  .7347113658E-23      -.123506626E-25  .1283746684E-25      .1336125287E-49  .2883990464E-53
                      -.734667027E-23      -90.6294689      -.350166928E-26     -164.1708657      .4522680254E-49              0.0
 
            XX0045    -.802837329E-25  .7346986371E-23      .1235066262E-25  .1283746684E-25      -.133583689E-49
                      -.734654771E-23      -90.6261085      .3501669283E-26       15.8291343      -.452268025E-49
 
 XX0044               -.807160032E-25  .7347113658E-23      -.106578948E-26  .3907289938E-26      -.137655063E-49              0.0
                      -.734667027E-23      -90.6294689      .3759123227E-26      105.8291343      .4066712658E-50        0.0000000
 
            XX0045    -.802837329E-25  .7346986371E-23      .1065789484E-26  .3907289938E-26      .1376550629E-49
                      -.734654771E-23      -90.6261085      -.375912323E-26      -74.1708657      -.406583487E-50
 
 XX0045               -.802837329E-25  .7346986371E-23      .3696627718E-26  .3696848443E-26      .1519542949E-67  .1519542949E-67
                      -.734654771E-23      -90.6261085      -.403970796E-28       -0.6261085      -.135803476E-49        0.0000000
 
            TERRA                 0.0              0.0      -.369662772E-26  .3696848443E-26                  0.0
                                  0.0              0.0      .4039707956E-28      179.3738915                  0.0
 
 XX0045               -.802837329E-25  .7346986371E-23      -.171130798E-25  .1711567165E-25      -.407137414E-51  .3161469024E-51
                      -.734654771E-23      -90.6261085      .2978510238E-27      179.0028748      .6287298497E-49              0.0
 
            XX0046    -.433469378E-25  .7347318459E-23      .1711307982E-25  .1711567165E-25      .7232843164E-51
                      -.734719059E-23      -90.3380296      -.297851024E-27       -0.9971252       -.62872985E-49
 
 XX0046               -.433469378E-25  .7347318459E-23      -.171130798E-25  .1711567165E-25      -.723284316E-51   -.73169887E-68
                      -.734719059E-23      -90.3380296      .2978510238E-27      179.0028748      .6287298497E-49        0.0000000
 
            XX0047     -.33896018E-25  .6804270855E-23      .1711307982E-25  .1711567165E-25      .7232843164E-51
                      -.680418643E-23      -90.2854247      -.297851024E-27       -0.9971252      -.582253407E-49
 
 XX0047                -.33896018E-25  .6804270855E-23      -.950077385E-32  .5449542977E-30      .1853864559E-53   .553712354E-57
                      -.680418643E-23      -90.2854247      -.544871473E-30      -90.9989495      .2308803162E-55              0.0
 
            XX0048    -.338605894E-25  .6802238871E-23      .9500773849E-32  .5449542977E-30      -.185331085E-53
                      -.680215459E-23      -90.2852115      .5448714728E-30       89.0010505      -.230880316E-55
 
 XX0047                -.33896018E-25  .6804270855E-23      -.171130703E-25  .1711567164E-25      -.725138181E-51              0.0
                      -.680418643E-23      -90.2854247      .2983958953E-27      179.0010505       .582253176E-49        0.0000000
 
            XX0048    -.338605894E-25  .6802238871E-23      .1711307032E-25  .1711567164E-25      .7251381809E-51
                      -.680215459E-23      -90.2852115      -.298395895E-27       -0.9989495      -.582079269E-49
 
 XX0048               -.338605894E-25  .6802238871E-23      -.116922551E-30  .6573757445E-29      .2235629999E-52  .7174956436E-56
                      -.680215459E-23      -90.2852115      -.657271756E-29      -91.0191313      .2863845869E-54        0.0000000
 
            XX0049    -.338217637E-25  .6800056141E-23      .1169225506E-30  .6573757445E-29       -.22349125E-52
                      -.679997203E-23      -90.2849759      .6572717556E-29       88.9808687      -.286384587E-54
 
 XX0048               -.338605894E-25  .6802238871E-23      -.171129629E-25  .1711567039E-25       -.74564117E-51              0.0
                      -.680215459E-23      -90.2852115      .3044237414E-27      178.9808687      .5820766357E-49        0.0000000
 
            XX0049    -.338217637E-25  .6800056141E-23      .1711296289E-25  .1711567039E-25      .7456411701E-51
                      -.679997203E-23      -90.2849759      -.304423741E-27       -1.0191313      -.581889826E-49
 
 XX0049               -.338217637E-25  .6800056141E-23      -.487388355E-29  .1760453567E-27      .5984047395E-51  .2180654199E-54
                      -.679997203E-23      -90.2849759      -.175977876E-27      -91.5864584      .1359519484E-52        0.0000000
 
            XX0050    -.337531765E-25  .6797579403E-23      .4873883549E-29  .1760453567E-27      -.598186674E-51
                       -.67974956E-23      -90.2845016      .1759778761E-27       88.4135416      -.135951948E-52
 
 XX0049               -.338217637E-25  .6800056141E-23      -.171082059E-25  .1711476626E-25      -.132169678E-50  .1448908653E-69
                      -.679997203E-23      -90.2849759      .4738288999E-27      178.4135416      .5817567378E-49        0.0000000
 
            XX0050    -.337531765E-25  .6797579403E-23      .1710820593E-25  .1711476626E-25      .1321696784E-50
                       -.67974956E-23      -90.2845016        -.4738289E-27       -1.5864584      -.581544739E-49
 
 XX0050               -.337531765E-25  .6797579403E-23      -.294730445E-27  .2103208103E-26      .7082712956E-50  .5134412615E-53
                       -.67974956E-23      -90.2845016      -.208245487E-26      -98.0555860      .9665697201E-51              0.0
 
            XX0051    -.330689793E-25  .6792741816E-23      .2947304455E-27  .2103208103E-26      -.707757854E-50
                      -.679266132E-23      -90.2789331       .208245487E-26       81.9444140       -.96656972E-51
 
 XX0050               -.337531765E-25  .6797579403E-23      -.168183494E-25   .169859569E-25      -.780622307E-50              0.0
                       -.67974956E-23      -90.2845016      .2380305894E-26      171.9444140      .5720149939E-49        0.0000000
 
            XX0051    -.330689793E-25  .6792741816E-23      .1681834937E-25   .169859569E-25      .7806223067E-50
                      -.679266132E-23      -90.2789331      -.238030589E-26       -8.0555860      -.571600328E-49
 
 XX0051               -.330689793E-25  .6792741816E-23       -.15745127E-25  .1637403259E-25       .155249153E-49  .4691875196E-53
                      -.679266132E-23      -90.2789331      -.449443214E-26     -164.0686530       .534013443E-49        0.0000000
 
            XX0052    -.325179036E-25  .6792581854E-23      .1574512696E-25  .1637403259E-25      -.155202234E-49
                      -.679250402E-23      -90.2742912      .4494432136E-26       15.9313470      -.534013443E-49
 
 XX0051               -.330689793E-25  .6792741816E-23      -.136795286E-26  .4983700724E-26      -.162535598E-49  -.115912692E-68
                      -.679266132E-23      -90.2789331       .479228316E-26      105.9313470      .4725258194E-50        0.0000000
 
            XX0052    -.325179036E-25  .6792581854E-23      .1367952859E-26  .4983700724E-26      .1625355983E-49
                      -.679250402E-23      -90.2742912      -.479228316E-26      -74.0686530      -.472383015E-50
 
 XX0052               -.325179036E-25  .6792581854E-23      .3417844628E-26  .3417883794E-26      -.347285293E-68  -.347285293E-68
                      -.679250402E-23      -90.2742912      -.163623226E-28       -0.2742912      -.116081277E-49        0.0000000
 
            TERRA                 0.0              0.0      -.341784463E-26  .3417883794E-26                  0.0
                                  0.0              0.0       .163623226E-28      179.7257088                  0.0
 
 XX0052               -.325179036E-25  .6792581854E-23      -.205309244E-25  .2053332873E-25      -.733336398E-51  .4550087604E-51
                      -.679250402E-23      -90.2742912      .3142133464E-27      179.1231913      .6973330216E-49              0.0
 
            XX0053    .1179595209E-25  .6793192455E-23      .2053092445E-25  .2053332873E-25      .1188345159E-50
                      -.679318221E-23      -89.9005094      -.314213346E-27       -0.8768087      -.697333022E-49
 
 XX0053               .1179595209E-25  .6793192455E-23      -.205309244E-25  .2053332873E-25      -.118834516E-50  .5360962015E-68
                      -.679318221E-23      -89.9005094      .3142133464E-27      179.1231913      .6973330216E-49        0.0000000
 
            XX0054    .2176605433E-25  .6141767182E-23      .2053092445E-25  .2053332873E-25      .1188345159E-50
                      -.614172861E-23      -89.7969468      -.314213346E-27       -0.8768087      -.630442635E-49
 
 XX0054               .2176605433E-25  .6141767182E-23      -.100252067E-31  .6537707642E-30      .2007296143E-53  .7969205768E-57
                      -.614172861E-23      -89.7969468      -.653693894E-30      -90.8786330      .3790021797E-55              0.0
 
            XX0055    .2180343847E-25  .6139329696E-23      .1002520675E-31  .6537707642E-30      -.200649922E-53
                      -.613929098E-23      -89.7965173      .6536938942E-30       89.1213670       -.37900218E-55
 
 XX0054               .2176605433E-25  .6141767182E-23      -.205309144E-25  .2053332872E-25      -.119035245E-50  .7244543263E-70
                      -.614172861E-23      -89.7969468      .3148670403E-27      179.1213670      .6304422557E-49        0.0000000
 
            XX0055    .2180343847E-25  .6139329696E-23      .2053091442E-25  .2053332872E-25      .1190352455E-50
                      -.613929098E-23      -89.7965173       -.31486704E-27       -0.8786330      -.630191963E-49
 
 XX0055               .2180343847E-25  .6139329696E-23       -.12371115E-30   .788640524E-29      .2420414093E-52  .1032642739E-55
                      -.613929098E-23      -89.7965173      -.788543487E-29      -90.8988148      .4657141697E-54              0.0
 
            XX0056     .218445185E-25  .6136711389E-23      .1237111497E-30   .788640524E-29      -.241938145E-52
                      -.613667251E-23      -89.7960469      .7885434874E-29       89.1011852       -.46571417E-54
 
 XX0055               .2180343847E-25  .6139329696E-23      -.205308007E-25  .2053332721E-25       -.12125501E-50              0.0
                      -.613929098E-23      -89.7965173      .3220987813E-27      179.1011852      .6301876844E-49        0.0000000
 
            XX0056     .218445185E-25  .6136711389E-23      .2053080073E-25  .2053332721E-25      .1212550096E-50
                      -.613667251E-23      -89.7960469      -.322098781E-27       -0.8988148      -.629918822E-49
 
 XX0056                .218445185E-25  .6136711389E-23      -.540375898E-29  .2111980911E-27      .6477555872E-51  .3138467455E-54
                      -.613667251E-23      -89.7960469      -.211128949E-27      -91.4661419      .1888655469E-52              0.0
 
            XX0057    .2192056226E-25  .6133740592E-23      .5403758976E-29  .2111980911E-27       -.64744174E-51
                      -.613370142E-23      -89.7952378      .2111289489E-27       88.5338581      -.188865547E-52
 
 XX0056                .218445185E-25  .6136711389E-23      -.205255207E-25  .2053224255E-25      -.183611187E-50              0.0
                      -.613667251E-23      -89.7960469      .5253422953E-27      178.5338581      .6297346135E-49        0.0000000
 
            XX0057    .2192056226E-25  .6133740592E-23      .2052552069E-25  .2053224255E-25      .1836111869E-50
                      -.613370142E-23      -89.7952378      -.525342295E-27       -1.4661419      -.629429498E-49
 
 XX0057               .2192056226E-25  .6133740592E-23      -.348335255E-27  .2523176667E-26      .7660292418E-50   .738961129E-53
                      -.613370142E-23      -89.7952378      -.249901642E-26      -97.9352695      .1095682147E-50        0.0000000
 
            XX0058    .2272919943E-25  .6127942274E-23      .3483352551E-27  .2523176667E-26      -.765290281E-50
                      -.612790012E-23      -89.7874833      .2499016415E-26       82.0647305      -.109568215E-50
 
 XX0057               .2192056226E-25  .6133740592E-23      -.201825892E-25  .2037771253E-25      -.884896255E-50   .579563461E-69
                      -.613370142E-23      -89.7952378      .2813229762E-26      172.0647305      .6186615422E-49        0.0000000
 
            XX0058    .2272919943E-25  .6127942274E-23      .2018258919E-25  .2037771253E-25      .8848962547E-50
                      -.612790012E-23      -89.7874833      -.281322976E-26       -7.9352695      -.618064741E-49
 
 XX0058               .2272919943E-25  .6127942274E-23      -.188777495E-25  .1964359918E-25      .1642741081E-49  .6752697245E-53
                      -.612790012E-23      -89.7874833      -.543153398E-26     -163.9483365      .5790220905E-49        0.0000000
 
            XX0059    .2338991626E-25   .612775466E-23      .1887774954E-25  .1964359918E-25      -.164206581E-49
                      -.612771002E-23      -89.7812989      .5431533984E-26       16.0516635       -.57902209E-49
 
 XX0058               .2272919943E-25  .6127942274E-23      -.165317491E-26  .5978846015E-26      -.176234706E-49              0.0
                      -.612790012E-23      -89.7874833      .5745747331E-26      106.0516635      .4999947248E-50        0.0000000
 
            XX0059    .2338991626E-25   .612775466E-23       .165317491E-26  .5978846015E-26      .1762347055E-49
                      -.612771002E-23      -89.7812989      -.574574733E-26      -73.9483365      -.499789196E-50
 
 XX0059               .2338991626E-25   .612775466E-23      .3083334322E-26  .3083356784E-26      -.801427598E-69  -.801427598E-69
                      -.612771002E-23      -89.7812989      .1176931209E-28        0.2187011      -.944702695E-50        0.0000000
 
            TERRA                 0.0              0.0      -.308333432E-26  .3083356784E-26                  0.0
                                  0.0              0.0      -.117693121E-28     -179.7812989                  0.0
 
 XX0059               .2338991626E-25   .612775466E-23      -.236142588E-25  .2361619549E-25      -.120281244E-50  .6018952399E-51
                      -.612771002E-23      -89.7812989      .3024440343E-27      179.2662137      .7234712795E-49        0.0000000
 
            XX0060    .7435882695E-25  .6128813915E-23      .2361425877E-25  .2361619549E-25      .1804707677E-50
                      -.612836281E-23      -89.3048326      -.302444034E-27       -0.7337863       -.72347128E-49
 
 XX0060               .7435882695E-25  .6128813915E-23      -.236142588E-25  .2361619549E-25      -.180470768E-50  -.159379952E-68
                      -.612836281E-23      -89.3048326      .3024440343E-27      179.2662137      .7234712795E-49        0.0000000
 
            XX0061    .8395548469E-25  .5379729048E-23      .2361425877E-25  .2361619549E-25      .1804707677E-50
                      -.537907391E-23      -89.1058118      -.302444034E-27       -0.7337863      -.634987257E-49
 
 XX0061               .8395548469E-25  .5379729048E-23      -.965360356E-32  .7519276772E-30      .2021765364E-53  .1054183443E-56
                      -.537907391E-23      -89.1058118      -.751865706E-30      -90.7356106       .575253484E-55              0.0
 
            XX0062    .8399148312E-25  .5376926234E-23      .9653603563E-32  .7519276772E-30      -.202071118E-53
                      -.537627019E-23      -89.1049620      .7518657059E-30       89.2643894      -.575253484E-55
 
 XX0061               .8395548469E-25  .5379729048E-23      -.236142491E-25  .2361619548E-25      -.180672944E-50              0.0
                      -.537907391E-23      -89.1058118         .3031959E-27      179.2643894      .6349866816E-49        0.0000000
 
            XX0062    .8399148312E-25  .5376926234E-23      .2361424911E-25  .2361619548E-25      .1806729442E-50
                      -.537627019E-23      -89.1049620        -.3031959E-27       -0.7356106      -.634655589E-49
 
 XX0062               .8399148312E-25  .5376926234E-23      -.119645655E-30  .9070467354E-29       .243754957E-52   .136600172E-55
                      -.537627019E-23      -89.1049620      -.906967822E-29      -90.7557924      .7025115454E-54        0.0000000
 
            XX0063    .8403121314E-25  .5373915509E-23      .1196456546E-30  .9070467354E-29      -.243618357E-52
                      -.537325848E-23      -89.1040369      .9069678215E-29       89.2442076      -.702511545E-54
 
 XX0062               .8399148312E-25  .5376926234E-23      -.236141391E-25  .2361619375E-25      -.182908423E-50  -.144890865E-69
                      -.537627019E-23      -89.1049620      .3115137125E-27      179.2442076      .6346491387E-49        0.0000000
 
            XX0063    .8403121314E-25  .5373915509E-23      .2361413912E-25  .2361619375E-25      .1829084227E-50
                      -.537325848E-23      -89.1040369      -.311513713E-27       -0.7557924      -.634293482E-49
 
 XX0063               .8403121314E-25  .5373915509E-23       -.56089091E-29  .2429072983E-27      .6521921871E-51  .4151631322E-54
                      -.537325848E-23      -89.1040369      -.242842533E-27      -91.3231195       .252722355E-52              0.0
 
            XX0064    .8411014386E-25  .5370499789E-23      .5608909101E-29  .2429072983E-27      -.651777024E-51
                       -.53698411E-23      -89.1026248      .2428425328E-27       88.6768805      -.252722355E-52
 
 XX0063               .8403121314E-25  .5373915509E-23      -.236086499E-25  .2361494623E-25      -.245691458E-50  -.144890865E-69
                      -.537325848E-23      -89.1040369      .5452865671E-27      178.6768805      .6340477843E-49        0.0000000
 
            XX0064    .8411014386E-25  .5370499789E-23      .2360864986E-25  .2361494623E-25      .2456914578E-50
                       -.53698411E-23      -89.1026248      -.545286567E-27       -1.3231195      -.633644171E-49
 
 XX0064               .8411014386E-25  .5370499789E-23       -.39345829E-27  .2902005526E-26      .7703160749E-50  .9775134562E-53
                       -.53698411E-23      -89.1026248      -.287520897E-26      -97.7922471      .1177321369E-50              0.0
 
            XX0065    .8502353116E-25  .5363840403E-23        .39345829E-27  .2902005526E-26      -.769338561E-50
                       -.53631665E-23      -89.0917527      .2875208975E-26       82.2077529      -.117732137E-50
 
 XX0064               .8411014386E-25  .5370499789E-23      -.232208005E-25  .2343721514E-25       -.95082983E-50              0.0
                       -.53698411E-23      -89.1026248      .3177653009E-26      172.2077529        .62212368E-49        0.0000000
 
            XX0065    .8502353116E-25  .5363840403E-23      .2322080048E-25  .2343721514E-25      .9508298303E-50
                       -.53631665E-23      -89.0917527      -.317765301E-26       -7.7922471      -.621334219E-49
 
 XX0065               .8502353116E-25  .5363840403E-23      -.216963867E-25  .2259288227E-25       .159748432E-49  .8932611154E-53
                       -.53631665E-23      -89.0917527      -.630120095E-26     -163.8053141       .584485423E-49              0.0
 
            XX0066    .8578289963E-25  .5363631981E-23       .216963867E-25  .2259288227E-25      -.159659106E-49
                      -.536294596E-23      -89.0836046      .6301200947E-26       16.1946859      -.584485423E-49
 
 XX0065               .8502353116E-25  .5363840403E-23      -.191787207E-26  .6876507856E-26      -.177897559E-49              0.0
                       -.53631665E-23      -89.0917527      .6603644981E-26      106.1946859      .4862200999E-50        0.0000000
 
            XX0066    .8578289963E-25  .5363631981E-23      .1917872067E-26  .6876507856E-26      .1778975588E-49
                      -.536294596E-23      -89.0836046      -.660364498E-26      -73.8053141      -.485948221E-50
 
 XX0066               .8578289963E-25  .5363631981E-23       .269852119E-26  .2698866384E-26       .383055225E-68   .383055225E-68
                      -.536294596E-23      -89.0836046      .4316414417E-28        0.9163954      -.723786302E-50        0.0000000
 
            TERRA                 0.0              0.0      -.269852119E-26  .2698866384E-26                  0.0
                                  0.0              0.0      -.431641442E-28     -179.0836046                  0.0
 
 XX0066               .8578289963E-25  .5363631981E-23        -.2631278E-25  .2631405737E-25       -.18238453E-50  .7472684949E-51
                      -.536294596E-23      -89.0836046      .2592798901E-27      179.4354393      .7054588753E-49        0.0000000
 
            XX0067    .1425762864E-24  .5365400278E-23      .2631277996E-25  .2631405737E-25      .2571113795E-50
                      -.536350558E-23      -88.4772839       -.25927989E-27       -0.5645607      -.705458875E-49
 
 XX0067               .1425762864E-24  .5365400278E-23        -.2631278E-25  .2631405737E-25      -.257111379E-50   -.12895287E-67
                      -.536350558E-23      -88.4772839      .2592798901E-27      179.4354393      .7054588753E-49        0.0000000
 
            XX0068    .1508033304E-24  .4531101833E-23      .2631277996E-25  .2631405737E-25      .2571113795E-50
                      -.452859163E-23      -88.0927398       -.25927989E-27       -0.5645607      -.595603674E-49
 
 XX0068               .1508033304E-24  .4531101833E-23      -.828201476E-32  .8378262299E-30       .189636926E-53  .1308795988E-56
                      -.452859163E-23      -88.0927398      -.837785295E-30      -90.5663850      .8192333764E-55        0.0000000
 
            XX0069    .1508342141E-24  .4527980481E-23      .8282014757E-32  .8378262299E-30      -.189506046E-53
                      -.452546752E-23      -88.0910335      .8377852945E-30       89.4336150      -.819233376E-55
 
 XX0068               .1508033304E-24  .4531101833E-23      -.263127717E-25  .2631405735E-25      -.257301016E-50  .1448908653E-69
                      -.452859163E-23      -88.0927398      .2601176754E-27      179.4336150      .5956028552E-49        0.0000000
 
            XX0069    .1508342141E-24  .4527980481E-23      .2631277168E-25  .2631405735E-25      .2573010164E-50
                      -.452546752E-23      -88.0910335      -.260117675E-27       -0.5663850      -.595191795E-49
 
 XX0069               .1508342141E-24  .4527980481E-23      -.103465322E-30  .1010665746E-28      .2285967359E-52  .1695926437E-55
                      -.452546752E-23      -88.0910335      -.101061278E-28      -90.5865668      .9962894013E-54        0.0000000
 
            XX0070    .1508685712E-24  .4524627608E-23      .1034653216E-30  .1010665746E-28      -.228427143E-52
                      -.452211164E-23      -88.0891831      .1010612784E-28       89.4134332      -.996289401E-54
 
 XX0069               .1508342141E-24  .4527980481E-23      -.263126765E-25  .2631405543E-25      -.259397478E-50              0.0
                      -.452546752E-23      -88.0910335       .269386018E-27      179.4134332       .595182651E-49        0.0000000
 
            XX0070    .1508685712E-24  .4524627608E-23      .2631267649E-25  .2631405543E-25      .2593974777E-50
                      -.452211164E-23      -88.0891831      -.269386018E-27       -0.5865668      -.594741094E-49
 
 XX0070               .1508685712E-24  .4524627608E-23      -.545044994E-29  .2706564902E-27      .6114341813E-51  .5154357576E-54
                      -.452211164E-23      -88.0891831      -.270601604E-27      -91.1538940      .3273641026E-52              0.0
 
            XX0071    .1509452721E-24  .4520824278E-23       .545044994E-29  .2706564902E-27      -.610918746E-51
                      -.451830363E-23      -88.0866023      .2706016044E-27       88.8461060      -.327364103E-52
 
 XX0070               .1508685712E-24  .4524627608E-23      -.263073295E-25   .263126654E-25      -.318256624E-50              0.0
                      -.452211164E-23      -88.0891831      .5298814945E-27      178.8461060      .5944236923E-49        0.0000000
 
            XX0071    .1509452721E-24  .4520824278E-23      .2630732951E-25   .263126654E-25      .3182566244E-50
                      -.451830363E-23      -88.0866023      -.529881494E-27       -1.1538940      -.593922596E-49
 
 XX0071               .1509452721E-24  .4520824278E-23      -.428942029E-27  .3233524211E-26      .7208089249E-50  .1213608217E-52
                      -.451830363E-23      -88.0866023      -.320494736E-26      -97.6230216      .1210930988E-50        0.0000000
 
            XX0072    .1519410325E-24  .4513421773E-23      .4289420289E-27  .3233524211E-26      -.719595317E-50
                      -.451086356E-23      -88.0708151      .3204947357E-26       82.3769784      -.121093099E-50
 
 XX0071               .1509452721E-24  .4520824278E-23      -.258838379E-25   .261146307E-25      -.977973675E-50   .579563461E-69
                      -.451830363E-23      -88.0866023      .3464227247E-26      172.3769784      .5821406505E-49        0.0000000
 
            XX0072    .1519410325E-24  .4513421773E-23      .2588383793E-25   .261146307E-25      .9779736748E-50
                      -.451086356E-23      -88.0708151      -.346422725E-26       -7.6230216      -.581160515E-49
 
 XX0072               .1519410325E-24  .4513421773E-23      -.241540915E-25  .2517384311E-25       .141614417E-49  .1109006759E-52
                      -.451086356E-23      -88.0708151      -.709240717E-26     -163.6360885      .5501671943E-49        0.0000000
 
            XX0073    .1527864201E-24  .4513202221E-23      .2415409153E-25  .2517384311E-25      -.141503516E-49
                      -.451061532E-23      -88.0599828      .7092407166E-26       16.3639115      -.550167194E-49
 
 XX0072               .1519410325E-24  .4513421773E-23      -.215868843E-26  .7662064886E-26      -.167452253E-49              0.0
                      -.451086356E-23      -88.0708151      .7351687056E-26      106.3639115      .4310263027E-50        0.0000000
 
            XX0073    .1527864201E-24  .4513202221E-23      .2158688432E-26  .7662064886E-26      .1674522528E-49
                      -.451061532E-23      -88.0599828      -.735168706E-26      -73.6360885      -.430688759E-50
 
 XX0073               .1527864201E-24  .4513202221E-23      .2269646409E-26  .2270948081E-26      .9997469703E-68  .9997469703E-68
                      -.451061532E-23      -88.0599828      .7687890117E-28        1.9400172      -.512462396E-50        0.0000000
 
            TERRA                 0.0              0.0      -.226964641E-26  .2270948081E-26                  0.0
                                  0.0              0.0      -.768789012E-28     -178.0599828                  0.0
 
 XX0073               .1527864201E-24  .4513202221E-23      -.285824264E-25  .2858300836E-25      -.259487365E-50  .8816920219E-51
                      -.451061532E-23      -88.0599828      .1824009889E-27      179.6343675      .6444823098E-49              0.0
 
            XX0074    .2144786015E-24  .4516104895E-23      .2858242637E-25  .2858300836E-25       .347656567E-50
                      -.451100902E-23      -87.2778881      -.182400989E-27       -0.3656325       -.64448231E-49
 
 XX0074               .2144786015E-24  .4516104895E-23      -.285824264E-25  .2858300836E-25      -.347656567E-50  -.289781731E-69
                      -.451100902E-23      -87.2778881      .1824009889E-27      179.6343675      .6444823098E-49        0.0000000
 
            XX0075    .2202662503E-24  .3610802975E-23      .2858242637E-25  .2858300836E-25       .347656567E-50
                      -.360407837E-23      -86.5026707      -.182400989E-27       -0.3656325      -.514865639E-49
 
 XX0075               .2202662503E-24  .3610802975E-23      -.583653043E-32  .9100684779E-30      .1639302537E-53   .154423074E-56
                      -.360407837E-23      -86.5026707      -.910049762E-30      -90.3674568      .1107442809E-54              0.0
 
            XX0076    .2202880149E-24  .3607417042E-23      .5836530429E-32  .9100684779E-30      -.163775831E-53
                      -.360068478E-23      -86.4990377       .910049762E-30       89.6325432      -.110744281E-54
 
 XX0075               .2202662503E-24  .3610802975E-23      -.285824205E-25  .2858300835E-25      -.347820497E-50  -.289781731E-69
                      -.360407837E-23      -86.5026707      .1833110387E-27      179.6325432      .5148645319E-49        0.0000000
 
            XX0076    .2202880149E-24  .3607417042E-23      .2858242053E-25  .2858300835E-25      .3478204973E-50
                      -.360068478E-23      -86.4990377      -.183311039E-27       -0.3674568      -.514379527E-49
 
 XX0076               .2202880149E-24  .3607417042E-23      -.742726183E-31  .1097811222E-28      .1975572778E-52  .2001000737E-55
                      -.360068478E-23      -86.4990377       -.10977861E-28      -90.3876386      .1342861743E-53        0.0000000
 
            XX0077    .2203126781E-24  .3603780006E-23      .7427261834E-31  .1097811222E-28      -.197357178E-52
                      -.359703943E-23      -86.4951072      .1097786097E-28       89.6123614      -.134286174E-53
 
 XX0076               .2202880149E-24  .3607417042E-23      -.285823521E-25  .2858300626E-25      -.349632294E-50              0.0
                      -.360068478E-23      -86.4990377      .1933788499E-27      179.6123614       .514367206E-49        0.0000000
 
            XX0077    .2203126781E-24  .3603780006E-23      .2858235209E-25  .2858300626E-25      .3496322942E-50
                      -.359703943E-23      -86.4951072       -.19337885E-27       -0.3876386      -.513846218E-49
 
 XX0077               .2203126781E-24  .3603780006E-23      -.489985942E-29  .2939940662E-27      .5281409315E-51  .6081557009E-54
                      -.359703943E-23      -86.4951072      -.293953232E-27      -90.9549657       .411933056E-52        0.0000000
 
            XX0078    .2203816308E-24   .359965535E-23       .489985942E-29  .2939940662E-27      -.527532776E-51
                      -.359290281E-23      -86.4899865      .2939532315E-27       89.0450343      -.411933056E-52
 
 XX0077               .2203126781E-24  .3603780006E-23      -.285775265E-25  .2858149637E-25      -.400472816E-50              0.0
                      -.359703943E-23      -86.4951072      .4763542205E-27      179.0450343      .5134477138E-49        0.0000000
 
            XX0078    .2203816308E-24   .359965535E-23      .2857752651E-25  .2858149637E-25      .4004728156E-50
                      -.359290281E-23      -86.4899865       -.47635422E-27       -0.9549657      -.512856477E-49
 
 XX0078               .2203816308E-24   .359965535E-23      -.453838225E-27  .3512337466E-26      .6206839649E-50  .1431919973E-52
                      -.359290281E-23      -86.4899865      -.348289324E-26      -97.4240934      .1199081162E-50        0.0000000
 
            XX0079    .2214351861E-24  .3591650047E-23      .4538382249E-27  .3512337466E-26      -.619252045E-50
                       -.35848175E-23      -86.4653146      .3482893242E-26       82.5759066      -.119908116E-50
 
 XX0078               .2203816308E-24   .359965535E-23      -.281285881E-25  .2836638596E-25      -.968403503E-50              0.0
                      -.359290281E-23      -86.4899865      .3665294231E-26      172.5759066      .5012775988E-49        0.0000000
 
            XX0079    .2214351861E-24  .3591650047E-23      .2812858814E-25  .2836638596E-25      .9684035029E-50
                       -.35848175E-23      -86.4653146      -.366529423E-26       -7.4240934       -.50012115E-49
 
 XX0079               .2214351861E-24  .3591650047E-23      -.262098919E-25   .273444782E-25      .1106993371E-49  .1308502123E-52
                       -.35848175E-23      -86.4653146      -.779500203E-26     -163.4371603      .4784188339E-49        0.0000000
 
            XX0080    .2223525262E-24   .359143442E-23      .2620989186E-25   .273444782E-25      -.110568487E-49
                      -.358454468E-23      -86.4504394      .7795002034E-26       16.5628397      -.478418834E-49
 
 XX0079               .2214351861E-24  .3591650047E-23       -.23725345E-26  .8322732662E-26      -.145614483E-49              0.0
                       -.35848175E-23      -86.4653146      .7977403023E-26      106.5628397      .3369312744E-50        0.0000000
 
            XX0080    .2223525262E-24   .359143442E-23      .2372534504E-26  .8322732662E-26      .1456144829E-49
                      -.358454468E-23      -86.4504394      -.797740302E-26      -73.4371603      -.336533011E-50
 
 XX0080               .2223525262E-24   .359143442E-23       .180366721E-26  .1807133983E-26      .1702467667E-67  .1702467667E-67
                      -.358454468E-23      -86.4504394      .1118830972E-27        3.5495606      -.324510159E-50        0.0000000
 
            TERRA                 0.0              0.0      -.180366721E-26  .1807133983E-26                  0.0
                                  0.0              0.0      -.111883097E-27     -176.4504394                  0.0
 
 XX0080               .2223525262E-24   .359143442E-23      -.303860936E-25   .303861754E-25       -.35045996E-50  .9964445111E-51
                      -.358454468E-23      -86.4504394      .7051789172E-28      179.8670323      .5445231509E-49              0.0
 
            XX0081    .2879377349E-24  .3596242467E-23      .3038609358E-25   .303861754E-25      .4501044112E-50
                      -.358469688E-23      -85.4076248      -.705178917E-28       -0.1329677      -.544523151E-49
 
 XX0081               .2879377349E-24  .3596242467E-23      -.303860936E-25   .303861754E-25      -.450104411E-50  .1738690383E-68
                      -.358469688E-23      -85.4076248      .7051789172E-28      179.8670323      .5445231509E-49        0.0000000
 
            XX0082    .2901752929E-24  .2636552027E-23      .3038609358E-25   .303861754E-25      .4501044112E-50
                      -.262053523E-23      -83.6813049      -.705178917E-28       -0.1329677      -.398036831E-49
 
 XX0082               .2901752929E-24  .2636552027E-23      -.227605788E-32  .9674804012E-30      .1267324502E-53  .1745212848E-56
                      -.262053523E-23      -83.6813049      -.967477724E-30      -90.1347920      .1433513109E-54        0.0000000
 
            XX0083    .2901837804E-24  .2632967171E-23      .2276057879E-32  .9674804012E-30      -.126557929E-53
                      -.261692749E-23      -83.6724809      .9674777239E-30       89.8652080      -.143351311E-54
 
 XX0082               .2901752929E-24  .2636552027E-23      -.303860913E-25  .3038617539E-25      -.450231144E-50              0.0
                      -.262053523E-23      -83.6813049      .7148536944E-28      179.8652080      .3980353973E-49        0.0000000
 
            XX0083    .2901837804E-24  .2632967171E-23       .303860913E-25  .3038617539E-25      .4502311437E-50
                      -.261692749E-23      -83.6724809      -.714853694E-28       -0.1347920      -.397487269E-49
 
 XX0083               .2901837804E-24  .2632967171E-23      -.315668258E-31  .1167066948E-28      .1526601196E-52  .2261431601E-55
                      -.261692749E-23      -83.6724809      -.116706268E-28      -90.1549738      .1734617348E-53        0.0000000
 
            XX0084    .2901942626E-24  .2629116575E-23      .3156682579E-31  .1167066948E-28      -.152433976E-52
                       -.26130521E-23      -83.6629458      .1167062679E-28       89.8450262      -.173461735E-53
 
 XX0083               .2901837804E-24  .2632967171E-23       -.30386062E-25  .3038617316E-25      -.451631187E-50              0.0
                      -.261692749E-23      -83.6724809      .8218851851E-28      179.8450262      .3974713563E-49        0.0000000
 
            XX0084    .2901942626E-24  .2629116575E-23      .3038606201E-25  .3038617316E-25       .451631187E-50
                       -.26130521E-23      -83.6629458      -.821885185E-28       -0.1549738      -.396882562E-49
 
 XX0084               .2901942626E-24  .2629116575E-23      -.393995013E-29  .3125407637E-27      .4077385259E-51  .6873073534E-54
                       -.26130521E-23      -83.6629458      -.312515929E-27      -90.7223010      .5049281223E-52        0.0000000
 
            XX0085    .2902497071E-24  .2624751778E-23      .3939950132E-29  .3125407637E-27      -.407051219E-51
                      -.260865425E-23      -83.6511467      .3125159288E-27       89.2776990      -.504928122E-52
 
 XX0084               .2901942626E-24  .2629116575E-23      -.303821536E-25  .3038456802E-25        -.4908807E-50              0.0
                       -.26130521E-23      -83.6629458      .3830338205E-27      179.2776990      .3963949799E-49        0.0000000
 
            XX0085    .2902497071E-24  .2624751778E-23      .3038215363E-25  .3038456802E-25      .4908806998E-50
                      -.260865425E-23      -83.6511467      -.383033821E-27       -0.7223010      -.395726794E-49
 
 XX0085               .2902497071E-24  .2624751778E-23      -.467429354E-27  .3733914252E-26      .4764097949E-50    .16182848E-52
                      -.260865425E-23      -83.6511467      -.370454119E-26      -97.1914286      .1147301783E-50        0.0000000
 
            XX0086    .2913348133E-24  .2616325454E-23      .4674293536E-27  .3733914252E-26       -.47479151E-50
                      -.260005441E-23      -83.6067033      .3704541192E-26       82.8085714      -.114730178E-50
 
 XX0085               .2902497071E-24  .2624751778E-23      -.299186642E-25  .3015588732E-25      -.926585373E-50  .2897817305E-68
                      -.260865425E-23      -83.6511467      .3775059084E-26      172.8085714      .3847587042E-49        0.0000000
 
            XX0086    .2913348133E-24  .2616325454E-23      .2991866422E-25  .3015588732E-25      .9265853728E-50
                      -.260005441E-23      -83.6067033      -.377505908E-26       -7.1914286      -.383451743E-49
 
 XX0086               .2913348133E-24  .2616325454E-23        -.2782947E-25  .2906951222E-25      .6866160562E-50  .1478804078E-52
                      -.260005441E-23      -83.6067033      -.839982984E-26     -163.2044955      .3740264944E-49              0.0
 
            XX0087    .2923088383E-24  .2616141942E-23      .2782946998E-25  .2906951222E-25      -.685137252E-50
                      -.259976041E-23      -83.5847870      .8399829835E-26       16.7955045      -.374026494E-49
 
 XX0086               .2913348133E-24  .2616325454E-23      -.255662359E-26  .8847774569E-26      -.113840992E-49              0.0
                      -.260005441E-23      -83.6067033      .8470347727E-26      106.7955045      .2089826632E-50        0.0000000
 
            XX0087    .2923088383E-24  .2616141942E-23      .2556623594E-26  .8847774569E-26      .1138409919E-49
                      -.259976041E-23      -83.5847870      -.847034773E-26      -73.2044955      -.208532565E-50
 
 XX0087               .2923088383E-24  .2616141942E-23      .6540722788E-27  .6581936986E-27      .1439852974E-68  .1439852974E-68
                      -.259976041E-23      -83.5847870      .7354181831E-28        6.4152130      -.860964071E-51        0.0000000
 
            TERRA                 0.0              0.0      -.654072279E-27  .6581936986E-27                  0.0
                                  0.0              0.0      -.735418183E-28     -173.5847870                  0.0
 
 XX0017               -.114033235E-24   .553900651E-23      -.139322022E-26  .1393555205E-26      -.516385362E-53  .1811135816E-70
                      -.553783257E-23      -91.1796492      .3055367124E-28      178.7436905      .3859452223E-50        0.0000000
 
            XX0088    -.113063756E-24  .5494788543E-23      .1393220221E-26  .1393555205E-26      .5163853624E-53
                      -.549362519E-23      -91.1790323      -.305536712E-28       -1.2563095      -.382864211E-50
 
 XX0088               -.113063756E-24  .5494788543E-23      -.974225765E-33  .4437009039E-31       .121902016E-54   .367066437E-59
                      -.549362519E-23      -91.1790323      -.443593937E-31      -91.2581338      .1682957767E-57              0.0
 
            XX0089    -.113060123E-24  .5494623086E-23      .9742257647E-33  .4437009039E-31      -.121898345E-54
                      -.549345977E-23      -91.1790299      .4435939365E-31       88.7418662      -.168295777E-57
 
 XX0088               -.113063756E-24  .5494788543E-23      -.139321925E-26  .1393555205E-26      -.528575564E-53  -.452783954E-71
                      -.549362519E-23      -91.1790323      .3059803064E-28      178.7418662      .3828641937E-50        0.0000000
 
            XX0089    -.113060123E-24  .5494623086E-23      .1393219247E-26  .1393555205E-26      .5285755641E-53
                      -.549345977E-23      -91.1790299      -.305980306E-28       -1.2581338      -.382852665E-50
 
 XX0089               -.113060123E-24  .5494623086E-23      -.119405226E-31  .5352342633E-30      .1470453062E-53  .4756414907E-58
                      -.549345977E-23      -91.1790299      -.535101056E-30      -91.2783156      .2548094589E-56              0.0
 
            XX0090    -.113056158E-24  .5494445354E-23      .1194052256E-31  .5352342633E-30       -.14704055E-53
                      -.549328208E-23      -91.1790267      .5351010564E-30       88.7216844      -.254809459E-56
 
 XX0089               -.113060123E-24  .5494623086E-23      -.139320828E-26  .1393555103E-26      -.663431036E-53              0.0
                      -.549345977E-23      -91.1790299       .310887723E-28      178.7216844      .3828524271E-50        0.0000000
 
            XX0090    -.113056158E-24  .5494445354E-23       .139320828E-26  .1393555103E-26      .6634310357E-53
                      -.549328208E-23      -91.1790267      -.310887723E-28       -1.2783156      -.382840043E-50
 
 XX0090               -.113056158E-24  .5494445354E-23      -.461641353E-30  .1433358435E-28      .3937488282E-52   .144559709E-56
                      -.549328208E-23      -91.1790267      -.143261484E-28      -91.8456428      .4581334415E-54              0.0
 
            XX0091    -.113049661E-24   .549424366E-23      .4616413532E-30  .1433358435E-28      -.393734372E-52
                      -.549308048E-23      -91.1790022      .1432614838E-28       88.1543572      -.458133441E-54
 
 XX0090               -.113056158E-24  .5494445354E-23      -.139275858E-26  .1393481488E-26      -.445387877E-52  .4527839539E-71
                      -.549328208E-23      -91.1790267      .4487981962E-28      178.1543572      .3827944846E-50        0.0000000
 
            XX0091    -.113049661E-24   .549424366E-23      .1392758579E-26  .1393481488E-26      .4453878768E-52
                      -.549308048E-23      -91.1790022      -.448798196E-28       -1.8456428      -.382780431E-50
 
 XX0091               -.113049661E-24   .549424366E-23      -.247636507E-28  .1712428621E-27      .4667813671E-51  .3403699649E-55
                      -.549308048E-23      -91.1790022       -.16944285E-27      -98.3147704      .5843663482E-52              0.0
 
            XX0092    -.112992174E-24  .5493849211E-23      .2476365073E-28  .1712428621E-27       -.46674733E-51
                      -.549268713E-23      -91.1784872        .16944285E-27       81.6852296      -.584366348E-52
 
 XX0091               -.113049661E-24   .549424366E-23      -.136845657E-26  .1382993851E-26      -.471946718E-51  .3622271632E-70
                      -.549308048E-23      -91.1790022      .1999965212E-27      171.6852296      .3769825807E-50        0.0000000
 
            XX0092    -.112992174E-24  .5493849211E-23       .136845657E-26  .1382993851E-26      .4719467176E-51
                      -.549268713E-23      -91.1784872      -.199996521E-27       -8.3147704      -.376955092E-50
 
 XX0092               -.112992174E-24  .5493849211E-23      -.128360791E-26  .1333171073E-26      .1061568006E-50  .3110333188E-55
                      -.549268713E-23      -91.1784872      -.360133085E-27     -164.3278373      .3504882219E-50        0.0000000
 
            XX0093    -.112947248E-24  .5493835685E-23      .1283607912E-26  .1333171073E-26       -.10615369E-50
                      -.549267453E-23      -91.1780215      .3601330851E-27       15.6721627      -.350488222E-50
 
 XX0092               -.112992174E-24  .5493849211E-23      -.109612309E-27  .4057721034E-27      -.106676739E-50  .7244543263E-70
                      -.549268713E-23      -91.1784872      .3906867564E-27      105.6721627      .3231053322E-51        0.0000000
 
            XX0093    -.112947248E-24  .5493835685E-23      .1096123089E-27  .4057721034E-27      .1066767393E-50
                      -.549267453E-23      -91.1780215      -.390686756E-27      -74.3278373      -.323095865E-51
 
 XX0093               -.112947248E-24  .5493835685E-23      .2763797868E-26  .2764382139E-26      -.231282044E-67  -.231282044E-67
                      -.549267453E-23      -91.1780215      -.568326709E-28       -1.1780215      -.759353062E-50        0.0000000
 
            TERRA                 0.0              0.0      -.276379787E-26  .2764382139E-26                  0.0
                                  0.0              0.0      .5683267094E-28      178.8219785                  0.0
 
 XX0093               -.112947248E-24  .5493835685E-23      -.415701809E-26  .4157936479E-26      -.523049075E-53  .1865764128E-52
                      -.549267453E-23      -91.1780215      .8738634217E-28      178.7957398      .1142150871E-49              0.0
 
            XX0094    -.103974759E-24  .5493847125E-23      .4157018089E-26  .4157936479E-26      .2388813203E-52
                      -.549286314E-23      -91.0844260      -.873863422E-28       -1.2042602      -.114215087E-49
 
 XX0094               -.103974759E-24  .5493847125E-23      -.415701809E-26  .4157936479E-26       -.23888132E-52  .1448908653E-69
                      -.549286314E-23      -91.0844260      .8738634217E-28      178.7957398      .1142150871E-49        0.0000000
 
            XX0095    -.101201959E-24  .5361914604E-23      .4157018089E-26  .4157936479E-26      .2388813203E-52
                      -.536095946E-23      -91.0814774      -.873863422E-28       -1.2042602      -.111472246E-49
 
 XX0095               -.101201959E-24  .5361914604E-23      -.278655097E-32   .132386587E-30      .3549219477E-54  .3267774062E-58
                      -.536095946E-23      -91.0814774      -.132357257E-30      -91.2060844      .7718865336E-57              0.0
 
            XX0096    -.101191568E-24  .5361420934E-23      .2786550968E-32   .132386587E-30       -.35488927E-54
                       -.53604659E-23      -91.0814659      .1323572572E-30       88.7939156      -.771886534E-57
 
 XX0095               -.101201959E-24  .5361914604E-23       -.41570153E-26  .4157936477E-26       -.24243054E-52  -.181113582E-70
                      -.536095946E-23      -91.0814774      .8751869943E-28      178.7939156       .111472238E-49        0.0000000
 
            XX0096    -.101191568E-24  .5361420934E-23      .4157015303E-26  .4157936477E-26      .2424305398E-52
                       -.53604659E-23      -91.0814659      -.875186994E-28       -1.2060844      -.111461975E-49
 
 XX0096               -.101191568E-24  .5361420934E-23      -.341764192E-31  .1596973022E-29      .4281008625E-53  .4234353156E-57
                       -.53604659E-23      -91.0814659      -.159660728E-29      -91.2262662      .1081916797E-55              0.0
 
            XX0097    -.101180219E-24  .5360890638E-23      .3417641922E-31  .1596973022E-29      -.428058519E-53
                      -.535993573E-23      -91.0814516       .159660728E-29       88.7737338       -.10819168E-55
 
 XX0096               -.101191568E-24  .5361420934E-23      -.415698391E-26  .4157936173E-26      -.281691733E-52              0.0
                       -.53604659E-23      -91.0814659      .8898294945E-28      178.7737338      .1114618742E-49        0.0000000
 
            XX0097    -.101180219E-24  .5360890638E-23      .4156983913E-26  .4157936173E-26      .2816917334E-52
                      -.535993573E-23      -91.0814516      -.889829495E-28       -1.2262662       -.11145085E-49
 
 XX0097               -.101180219E-24  .5360890638E-23      -.133856327E-29  .4276696969E-28      .1146256692E-51  .1286929067E-55
                      -.535993573E-23      -91.0814516      -.427460167E-28      -91.7935934      .1424780886E-53              0.0
 
            XX0098    -.101161382E-24  .5360288851E-23      .1338563273E-29  .4276696969E-28        -.1146128E-51
                      -.535933419E-23      -91.0813716      .4274601672E-28       88.2064066      -.142478089E-53
 
 XX0097               -.101180219E-24  .5360890638E-23      -.415567953E-26  .4157716531E-26      -.138514257E-51              0.0
                      -.535993573E-23      -91.0814516      .1301323589E-27      178.2064066      .1114367099E-49        0.0000000
 
            XX0098    -.101161382E-24  .5360288851E-23      .4155679526E-26  .4157716531E-26      .1385142573E-51
                      -.535933419E-23      -91.0813716      -.130132359E-27       -1.7935934      -.111424199E-49
 
 XX0098               -.101161382E-24  .5360288851E-23      -.734277503E-28  .5109355842E-27      .1358638974E-50  .3030111257E-54
                      -.535933419E-23      -91.0813716      -.505631819E-27      -98.2627210      .1711867195E-51        0.0000000
 
            XX0099    -.100990925E-24  .5359112055E-23      .7342775033E-28  .5109355842E-27      -.135833596E-50
                       -.53581604E-23      -91.0797864      .5056318193E-27       81.7372790      -.171186719E-51
 
 XX0098               -.101161382E-24  .5360288851E-23      -.408359034E-26  .4126424675E-26      -.138254043E-50              0.0
                      -.535933419E-23      -91.0813716      .5930181614E-27      171.7372790      .1097265793E-49        0.0000000
 
            XX0099    -.100990925E-24  .5359112055E-23      .4083590339E-26  .4126424675E-26      .1382540432E-50
                       -.53581604E-23      -91.0797864      -.593018161E-27       -8.2627210      -.109702107E-49
 
 XX0099               -.100990925E-24  .5359112055E-23      -.382891014E-26  .3977768959E-26       .308140222E-50  .2768944554E-54
                       -.53581604E-23      -91.0797864      -.107800417E-26     -164.2757879      .1020352303E-49              0.0
 
            XX0100    -.100856914E-24  .5359071808E-23      .3828910145E-26  .3977768959E-26      -.308112533E-50
                      -.535812267E-23      -91.0783615      .1078004172E-26       15.7242121       -.10203523E-49
 
 XX0099               -.100990925E-24  .5359112055E-23      -.328107944E-27  .1210698094E-26      -.310560669E-50  -.289781731E-69
                       -.53581604E-23      -91.0797864      .1165390514E-26      105.7242121      .9378744299E-51        0.0000000
 
            XX0100    -.100856914E-24  .5359071808E-23      .3281079444E-27  .1210698094E-26      .3105606689E-50
                      -.535812267E-23      -91.0783615      -.116539051E-26      -74.2757879      -.937790153E-51
 
 XX0100               -.100856914E-24  .5359071808E-23      .2696094214E-26  .2696571801E-26      .1070381267E-67  .1070381267E-67
                      -.535812267E-23      -91.0783615      -.507490698E-28       -1.0783615      -.722556096E-50        0.0000000
 
            TERRA                 0.0              0.0      -.269609421E-26  .2696571801E-26                  0.0
                                  0.0              0.0      .5074906985E-28      178.9216385                  0.0
 
 XX0100               -.100856914E-24  .5359071808E-23       -.68531123E-26  .6854504331E-26       -.24481363E-52  .5070527572E-52
                      -.535812267E-23      -91.0783615       .138135412E-27      178.8452685      .1836687414E-49              0.0
 
            XX0101    -.860651867E-25   .535911195E-23      .6853112303E-26  .6854504331E-26      .7518663871E-52
                      -.535842082E-23      -90.9201868      -.138135412E-27       -1.1547315      -.183668741E-49
 
 XX0101               -.860651867E-25   .535911195E-23       -.68531123E-26  .6854504331E-26      -.751866387E-52  -.344115805E-69
                      -.535842082E-23      -90.9201868       .138135412E-27      178.8452685      .1836687414E-49        0.0000000
 
            XX0102    -.816821005E-25  .5141617967E-23      .6853112303E-26  .6854504331E-26      .7518663871E-52
                      -.514096911E-23      -90.9102653      -.138135412E-27       -1.1547315      -.176214609E-49
 
 XX0102               -.816821005E-25  .5141617967E-23      -.440510877E-32  .2182439386E-30      .5610582944E-54  .8880725184E-58
                      -.514096911E-23      -90.9102653      -.218199477E-30      -91.1565557      .2411768225E-56              0.0
 
            XX0103    -.816656738E-25  .5140804139E-23      .4405108765E-32  .2182439386E-30      -.560969487E-54
                      -.514015544E-23      -90.9102263       .218199477E-30       88.8434443      -.241176823E-56
 
 XX0102               -.816821005E-25  .5141617967E-23       -.68531079E-26  .6854504328E-26       -.75747697E-52  -.181113582E-70
                      -.514096911E-23      -90.9102653      .1383536115E-27      178.8434443       .176214585E-49        0.0000000
 
            XX0103    -.816656738E-25  .5140804139E-23      .6853107898E-26  .6854504328E-26        .75747697E-52
                      -.514015544E-23      -90.9102263      -.138353611E-27       -1.1565557      -.176186693E-49
 
 XX0103               -.816656738E-25  .5140804139E-23      -.540657497E-31   .263266612E-29      .6766937237E-53  .1150756631E-56
                      -.514015544E-23      -90.9102263       -.26321109E-29      -91.1767375      .3147662356E-55              0.0
 
            XX0104    -.816477205E-25  .5139929935E-23      .5406574973E-31   .263266612E-29      -.676578648E-53
                      -.513928141E-23      -90.9101810      .2632110901E-29       88.8232625      -.314766236E-55
 
 XX0103               -.816656738E-25  .5140804139E-23      -.685305824E-26  .6854503826E-26      -.819536648E-52              0.0
                      -.514015544E-23      -90.9102263      .1407675229E-27      178.8232625      .1761864022E-49        0.0000000
 
            XX0104    -.816477205E-25  .5139929935E-23      .6853058237E-26  .6854503826E-26      .8195366475E-52
                      -.513928141E-23      -90.9101810      -.140767523E-27       -1.1767375      -.176156441E-49
 
 XX0104               -.816477205E-25  .5139929935E-23      -.214575223E-29   .705028517E-28      .1811706696E-51  .3497446016E-55
                      -.513928141E-23      -90.9101810      -.704701912E-28      -91.7440647      .2636947027E-53              0.0
 
            XX0105    -.816175247E-25  .5138937897E-23      .2145752228E-29   .705028517E-28      -.181135695E-51
                      -.513828972E-23      -90.9100200      .7047019118E-28       88.2559353      -.263694703E-53
 
 XX0104               -.816477205E-25  .5139929935E-23      -.685096655E-26  .6854141739E-26      -.256358548E-51              0.0
                      -.513928141E-23      -90.9101810      .2086056032E-27      178.2559353      .1761303859E-49        0.0000000
 
            XX0105    -.816175247E-25  .5138937897E-23       .685096655E-26  .6854141739E-26      .2563585478E-51
                      -.513828972E-23      -90.9100200      -.208605603E-27       -1.7440647      -.176096384E-49
 
 XX0105               -.816175247E-25  .5138937897E-23      -.120327626E-27  .8422952568E-27      .2146693814E-50  .8234836569E-54
                      -.513828972E-23      -90.9100200      -.833656141E-27      -98.2131923      .2751186268E-51              0.0
 
            XX0106    -.813381921E-25  .5136998433E-23       .120327626E-27  .8422952568E-27      -.214587033E-50
                      -.513635445E-23      -90.9072477      .8336561414E-27       81.7868077      -.275118627E-51
 
 XX0105               -.816175247E-25  .5138937897E-23      -.673278468E-26  .6802556014E-26      -.222191667E-50              0.0
                      -.513828972E-23      -90.9100200      .9717915534E-27      171.7868077      .1733715677E-49        0.0000000
 
            XX0106    -.813381921E-25  .5136998433E-23      .6732784677E-26  .6802556014E-26      .2221916667E-50
                      -.513635445E-23      -90.9072477      -.971791553E-27       -8.2131923      -.173305061E-49
 
 XX0106               -.813381921E-25  .5136998433E-23      -.631055429E-26  .6557491846E-26      .4834634867E-50  .7525072163E-54
                      -.513635445E-23      -90.9072477      -.178258349E-26     -164.2262593      .1613412572E-49        0.0000000
 
            XX0107    -.811173242E-25  .5136932559E-23      .6310554286E-26  .6557491846E-26      -.483388236E-50
                      -.513629206E-23      -90.9047955      .1782583494E-26       15.7737407      -.161341257E-49
 
 XX0106               -.813381921E-25  .5136998433E-23      -.542558017E-27  .1995878333E-26       -.49106812E-50              0.0
                      -.513635445E-23      -90.9072477      .1920718906E-26      105.7737407      .1471499043E-50        0.0000000
 
            XX0107    -.811173242E-25  .5136932559E-23      .5425580171E-27  .1995878333E-26      .4910681204E-50
                      -.513629206E-23      -90.9047955      -.192071891E-26      -74.2262593      -.147127001E-50
 
 XX0107               -.811173242E-25  .5136932559E-23      .2584473733E-26   .258479602E-26      .1267795071E-68  .1267795071E-68
                      -.513629206E-23      -90.9047955      -.408165251E-28       -0.9047955      -.663896142E-50        0.0000000
 
            TERRA                 0.0              0.0      -.258447373E-26   .258479602E-26                  0.0
                                  0.0              0.0      .4081652509E-28      179.0952045                  0.0
 
 XX0107               -.811173242E-25  .5136932559E-23      -.943758604E-26  .9439282493E-26      -.767988436E-52  .9615657934E-52
                      -.513629206E-23      -90.9047955      .1789519371E-27      178.9137093      .2424435715E-49        0.0000000
 
            XX0108    -.607472806E-25  .5137037497E-23      .9437586036E-26  .9439282493E-26      .1729554229E-51
                      -.513667831E-23      -90.6775586      -.178951937E-27       -1.0862907      -.242443571E-49
 
 XX0108               -.607472806E-25  .5137037497E-23      -.943758604E-26  .9439282493E-26      -.172955423E-51   -.19922494E-69
                      -.513667831E-23      -90.6775586      .1789519371E-27      178.9137093      .2424435715E-49        0.0000000
 
            XX0109    -.550690714E-25  .4837533769E-23      .9437586036E-26  .9439282493E-26      .1729554229E-51
                      -.483722031E-23      -90.6522525      -.178951937E-27       -1.0862907      -.228307688E-49
 
 XX0109               -.550690714E-25  .4837533769E-23      -.570730622E-32  .3005419633E-30      .7269199143E-54  .1684124864E-57
                      -.483722031E-23      -90.6522525      -.300487767E-30      -91.0881150      .5529957639E-56              0.0
 
            XX0110    -.550477888E-25  .4836413077E-23      .5707306224E-32  .3005419633E-30      -.726751502E-54
                      -.483609979E-23      -90.6521515      .3004877674E-30       88.9118850      -.552995764E-56
 
 XX0109               -.550690714E-25  .4837533769E-23      -.943758033E-26  .9439282488E-26      -.173682343E-51  .1811135816E-70
                      -.483722031E-23      -90.6522525      .1792524249E-27      178.9118850      .2283076327E-49        0.0000000
 
            XX0110    -.550477888E-25  .4836413077E-23      .9437580328E-26  .9439282488E-26      .1736823428E-51
                      -.483609979E-23      -90.6521515      -.179252425E-27       -1.0881150      -.228254739E-49
 
 XX0110               -.550477888E-25  .4836413077E-23      -.701237402E-31  .3625423228E-29      .8766744323E-53  .2182274324E-56
                      -.483609979E-23      -90.6521515      -.362474499E-29      -91.1082968      .6979560425E-55              0.0
 
            XX0111    -.550245032E-25  .4835209242E-23      .7012374017E-31  .3625423228E-29      -.876456205E-53
                      -.483489614E-23      -90.6520379       .362474499E-29       88.8917032      -.697956043E-55
 
 XX0110               -.550477888E-25  .4836413077E-23      -.943751591E-26  .9439281797E-26      -.181722336E-51              0.0
                      -.483609979E-23      -90.6521515      .1825766821E-27      178.8917032      .2282540959E-49        0.0000000
 
            XX0111    -.550245032E-25  .4835209242E-23      .9437515912E-26  .9439281797E-26      .1817223356E-51
                      -.483489614E-23      -90.6520379      -.182576682E-27       -1.1082968      -.228197277E-49
 
 XX0111               -.550245032E-25  .4835209242E-23      -.283897539E-29  .9708890703E-28      .2346851347E-51  .6632494165E-55
                      -.483489614E-23      -90.6520379      -.970473909E-28      -91.6756239      .4193083337E-53              0.0
 
            XX0112    -.549845521E-25  .4833843188E-23      .2838975387E-29  .9708890703E-28       -.23461881E-51
                      -.483353046E-23      -90.6517486      .9704739094E-28       88.3243761      -.419308334E-53
 
 XX0111               -.550245032E-25  .4835209242E-23      -.943474706E-26   .943878317E-26      -.407642908E-51              0.0
                      -.483489614E-23      -90.6520379       .275999328E-27      178.3243761      .2281560445E-49        0.0000000
 
            XX0112    -.549845521E-25  .4833843188E-23       .943474706E-26   .943878317E-26      .4076429083E-51
                      -.483353046E-23      -90.6517486      -.275999328E-27       -1.6756239      -.228091565E-49
 
 XX0112               -.549845521E-25  .4833843188E-23      -.164330753E-27  .1159917988E-26      .2779491759E-50  .1561639701E-53
                      -.483353046E-23      -90.6517486      -.114821825E-26      -98.1447515      .3655817162E-51        0.0000000
 
            XX0113    -.546030691E-25  .4831173521E-23      .1643307528E-27  .1159917988E-26      -.277793012E-50
                      -.483086494E-23      -90.6475843      .1148218247E-26       81.8552485      -.365581716E-51
 
 XX0112               -.549845521E-25  .4833843188E-23      -.927325528E-26  .9367744885E-26      -.295251586E-50              0.0
                      -.483353046E-23      -90.6517486      .1327170184E-26      171.8552485      .2244776784E-49        0.0000000
 
            XX0113    -.546030691E-25  .4831173521E-23      .9273255283E-26  .9367744885E-26      .2952515857E-50
                      -.483086494E-23      -90.6475843      -.132717018E-26       -8.1447515      -.224351557E-49
 
 XX0113               -.546030691E-25  .4831173521E-23      -.868727481E-26  .9030269001E-26      .6191603847E-50  .1427041246E-53
                      -.483086494E-23      -90.6475843      -.246516017E-26     -164.1578185        .20916223E-49              0.0
 
            XX0114    -.542990166E-25   .483108382E-23      .8687274807E-26  .9030269001E-26      -.619017681E-50
                      -.483077866E-23      -90.6439901      .2465160166E-26       15.8421815       -.20916223E-49
 
 XX0113               -.546030691E-25  .4831173521E-23      -.750311229E-27  .2748507914E-26      -.636618959E-50  -.579563461E-69
                      -.483086494E-23      -90.6475843      .2644112104E-26      105.8421815      .1884514423E-50        0.0000000
 
            XX0114    -.542990166E-25   .483108382E-23      .7503112286E-27  .2748507914E-26      .6366189585E-50
                      -.483077866E-23      -90.6439901       -.26441121E-26      -74.1578185      -.188408008E-50
 
 XX0114               -.542990166E-25   .483108382E-23      .2430745843E-26  .2430899391E-26      .6157861774E-68  .6157861774E-68
                      -.483077866E-23      -90.6439901      -.273221188E-28       -0.6439901      -.587193936E-50        0.0000000
 
            TERRA                 0.0              0.0      -.243074584E-26  .2430899391E-26                  0.0
                                  0.0              0.0      .2732211885E-28      179.3560099                  0.0
 
 XX0114               -.542990166E-25   .483108382E-23      -.118683319E-25  .1187012429E-25      -.176012779E-51  .1520588042E-51
                      -.483077866E-23      -90.6439901      .2062740559E-27      179.0042878      .2867224244E-49        0.0000000
 
            XX0115     -.28682462E-25  .4831309025E-23      .1186833188E-25  .1187012429E-25      .3280715836E-51
                      -.483122388E-23      -90.3401549      -.206274056E-27       -0.9957122      -.286722424E-49
 
 XX0115                -.28682462E-25  .4831309025E-23      -.118683319E-25  .1187012429E-25      -.328071584E-51  -.148513137E-68
                      -.483122388E-23      -90.3401549      .2062740559E-27      179.0042878      .2867224244E-49        0.0000000
 
            XX0116    -.221373122E-25   .445469246E-23      .1186833188E-25  .1187012429E-25      .3280715836E-51
                      -.445463745E-23      -90.2847289      -.206274056E-27       -0.9957122       -.26436841E-49
 
 XX0116               -.221373122E-25   .445469246E-23       -.65796928E-32  .3779387321E-30      .8417352663E-54  .2663218832E-57
                      -.445463745E-23      -90.2847289      -.377881453E-30      -90.9975365      .1047243313E-55        0.0000000
 
            XX0117    -.221127764E-25   .445328323E-23      .6579692795E-32  .3779387321E-30      -.841468944E-54
                      -.445322833E-23      -90.2845033      .3778814535E-30       89.0024635      -.104724331E-55
 
 XX0116               -.221373122E-25   .445469246E-23      -.118683253E-25  .1187012428E-25      -.328913319E-51  -.181113582E-70
                      -.445463745E-23      -90.2847289      .2066519374E-27      179.0024635      .2643683056E-49        0.0000000
 
            XX0117    -.221127764E-25   .445328323E-23       .118683253E-25  .1187012428E-25      .3289133189E-51
                      -.445322833E-23      -90.2845033      -.206651937E-27       -0.9975365       -.26428466E-49
 
 XX0117               -.221127764E-25   .445328323E-23      -.809761455E-31  .4559056722E-29      .1015055422E-52  .3450975756E-56
                      -.445322833E-23      -90.2845033      -.455833753E-29      -91.0177183      .1299038832E-54        0.0000000
 
            XX0118    -.220858872E-25  .4451769455E-23      .8097614553E-31  .4559056722E-29      -.101471032E-52
                      -.445171467E-23      -90.2842540      .4558337533E-29       88.9822817      -.129903883E-54
 
 XX0117               -.221127764E-25   .445328323E-23      -.118682509E-25  .1187012341E-25      -.338222404E-51              0.0
                      -.445322833E-23      -90.2845033      .2108323935E-27      178.9822817      .2642834661E-49        0.0000000
 
            XX0118    -.220858872E-25  .4451769455E-23       .118682509E-25  .1187012341E-25      .3382224042E-51
                      -.445171467E-23      -90.2842540      -.210832393E-27       -1.0177183      -.264193615E-49
 
 XX0118               -.220858872E-25  .4451769455E-23      -.337714401E-29  .1220916308E-27      .2716918622E-51  .1048840483E-54
                      -.445171467E-23      -90.2842540      -.122044915E-27      -91.5850454      .6169305651E-53        0.0000000
 
            XX0119    -.220383627E-25  .4450051777E-23      .3377144008E-29  .1220916308E-27      -.271586978E-51
                      -.444999721E-23      -90.2837518      .1220449147E-27       88.4149546      -.616930565E-53
 
 XX0118               -.220858872E-25  .4451769455E-23      -.118649547E-25  .1186949638E-25      -.599767163E-51  -.108668149E-69
                      -.445171467E-23      -90.2842540      .3283189707E-27      178.4149546      .2641332213E-49        0.0000000
 
            XX0119    -.220383627E-25  .4450051777E-23      .1186495473E-25  .1186949638E-25      .5997671631E-51
                      -.444999721E-23      -90.2837518      -.328318971E-27       -1.5850454      -.264031255E-49
 
 XX0119               -.220383627E-25  .4450051777E-23      -.204366938E-27  .1458624709E-26       .321567702E-50  .2469524884E-53
                      -.444999721E-23      -90.2837518      -.144423689E-26      -98.0541730      .4388018428E-51              0.0
 
            XX0120    -.215639384E-25  .4446696793E-23      .2043669378E-27  .1458624709E-26       -.32132075E-50
                      -.444664451E-23      -90.2778529       .144423689E-26       81.9458270      -.438801843E-51
 
 XX0119               -.220383627E-25  .4450051777E-23      -.116639649E-25  .1178016403E-25       -.35438572E-50              0.0
                      -.444999721E-23      -90.2837518      .1650510946E-26      171.9458270      .2597049298E-49        0.0000000
 
            XX0120    -.215639384E-25  .4446696793E-23      .1166396494E-25  .1178016403E-25      .3543857205E-50
                      -.444664451E-23      -90.2778529      -.165051095E-26       -8.0541730      -.259505486E-49
 
 XX0120               -.215639384E-25  .4446696793E-23      -.109195422E-25     .1135578E-25      .7048417907E-50  .2256675382E-53
                      -.444664451E-23      -90.2778529      -.311726459E-26     -164.0672400      .2424405082E-49              0.0
 
            XX0121     -.21181757E-25  .4446585853E-23      .1091954216E-25     .1135578E-25      -.704616123E-50
                       -.44465354E-23      -90.2729352      .3117264594E-26       15.9327600      -.242440508E-49
 
 XX0120               -.215639384E-25  .4446696793E-23      -.948789721E-27  .3456314669E-26      -.737906762E-50              0.0
                      -.444664451E-23      -90.2778529       .332353865E-26      105.9327600      .2145299592E-50        0.0000000
 
            XX0121     -.21181757E-25  .4446585853E-23      .9487897212E-27  .3456314669E-26      .7379067617E-50
                       -.44465354E-23      -90.2729352      -.332353865E-26      -74.0672400      -.214461274E-50
 
 XX0121                -.21181757E-25  .4446585853E-23      .2237402746E-26  .2237428132E-26      .5546603436E-69  .5546603436E-69
                       -.44465354E-23      -90.2729352       -.10658213E-28       -0.2729352      -.497445814E-50        0.0000000
 
            TERRA                 0.0              0.0      -.223740275E-26  .2237428132E-26                  0.0
                                  0.0              0.0      .1065821296E-28      179.7270648                  0.0
 
 XX0121                -.21181757E-25  .4446585853E-23      -.141057346E-25  .1410740263E-25      -.332906385E-51  .2147806543E-51
                       -.44465354E-23      -90.2729352      .2169322689E-27      179.1189170      .3136312169E-49              0.0
 
            XX0122    .9263997641E-26  .4447013277E-23      .1410573462E-25  .1410740263E-25      .5476870395E-51
                      -.444700363E-23      -89.8806416      -.216932269E-27       -0.8810830      -.313631217E-49
 
 XX0122               .9263997641E-26  .4447013277E-23      -.141057346E-25  .1410740263E-25      -.547687039E-51  -.615786177E-69
                      -.444700363E-23      -89.8806416      .2169322689E-27      179.1189170      .3136312169E-49        0.0000000
 
            XX0123    .1614733638E-25  .3999456203E-23      .1410573462E-25  .1410740263E-25      .5476870395E-51
                      -.399942361E-23      -89.7686744      -.216932269E-27       -0.8810830      -.282056526E-49
 
 XX0123               .1614733638E-25  .3999456203E-23      -.692131306E-32  .4491725389E-30      .8980531056E-54  .3761754449E-57
                      -.399942361E-23      -89.7686744       -.44911921E-30      -90.8829073       .174666709E-55              0.0
 
            XX0124    .1617314606E-25  .3997781549E-23       .692131306E-32  .4491725389E-30       -.89767693E-54
                      -.399774883E-23      -89.7682076      .4491192104E-30       89.1170927      -.174666709E-55
 
 XX0123               .1614733638E-25  .3999456203E-23      -.141057277E-25  .1410740262E-25      -.548585093E-51  .3622271632E-70
                      -.399942361E-23      -89.7686744      .2173813881E-27      179.1170927      .2820563511E-49        0.0000000
 
            XX0124    .1617314606E-25  .3997781549E-23       .141057277E-25  .1410740262E-25      .5485850926E-51
                      -.399774883E-23      -89.7682076      -.217381388E-27       -0.8829073      -.281938204E-49
 
 XX0124               .1617314606E-25  .3997781549E-23      -.853997861E-31  .5418346703E-29      .1082855868E-52  .4874448637E-56
                      -.399774883E-23      -89.7682076      -.541767366E-29      -90.9030891      .2145138613E-54              0.0
 
            XX0125    .1620150426E-25  .3995982664E-23       .853997861E-31  .5418346703E-29      -.108236842E-52
                      -.399594982E-23      -89.7676966      .5417673658E-29       89.0969109      -.214513861E-54
 
 XX0124               .1617314606E-25  .3997781549E-23      -.141056492E-25  .1410740159E-25      -.558515974E-51              0.0
                      -.399774883E-23      -89.7682076      .2223499425E-27      179.0969109      .2819362332E-49        0.0000000
 
            XX0125    .1620150426E-25  .3995982664E-23      .1410564922E-25  .1410740159E-25      .5585159743E-51
                      -.399594982E-23      -89.7676966      -.222349943E-27       -0.9030891       -.28180932E-49
 
 XX0125               .1620150426E-25  .3995982664E-23      -.372346848E-29  .1451034338E-27       .289787391E-51  .1481470583E-54
                      -.399594982E-23      -89.7676966      -.145055652E-27      -91.4704163      .8614456487E-53        0.0000000
 
            XX0126    .1625390233E-25  .3993941615E-23      .3723468481E-29  .1451034338E-27      -.289639244E-51
                      -.399390854E-23      -89.7668262      .1450556524E-27       88.5295837      -.861445649E-53
 
 XX0125               .1620150426E-25  .3995982664E-23      -.141020112E-25  .1410665637E-25      -.837479681E-51  .7244543263E-70
                      -.399594982E-23      -89.7676966      .3619879212E-27      178.5295837      .2817253209E-49        0.0000000
 
            XX0126    .1625390233E-25  .3993941615E-23      .1410201116E-25  .1410665637E-25      .8374796811E-51
                      -.399390854E-23      -89.7668262      -.361987921E-27       -1.4704163      -.281581295E-49
 
 XX0126               .1625390233E-25  .3993941615E-23      -.239451469E-27  .1733545964E-26      .3426682347E-50  .3488164813E-53
                      -.399390854E-23      -89.7668262      -.171692883E-26      -97.9395439      .4921270302E-51        0.0000000
 
            XX0127    .1680977302E-25  .3989958215E-23      .2394514689E-27  .1733545964E-26      -.342319418E-50
                       -.39899228E-23      -89.7586110      .1716928829E-26       82.0604561       -.49212703E-51
 
 XX0126               .1625390233E-25  .3993941615E-23      -.138662832E-25  .1400048668E-25      -.397452278E-50              0.0
                      -.399390854E-23      -89.7668262      .1933861098E-26      172.0604561      .2767461697E-49        0.0000000
 
            XX0127    .1680977302E-25  .3989958215E-23      .1386628316E-25  .1400048668E-25      .3974522784E-50
                       -.39899228E-23      -89.7586110       -.19338611E-26       -7.9395439      -.276464458E-49
 
 XX0127               .1680977302E-25  .3989958215E-23       -.12970217E-25  .1349611485E-25      .7333713619E-50   .318751826E-53
                       -.39899228E-23      -89.7586110      -.373076232E-26     -163.9526108      .2590643889E-49              0.0
 
            XX0128    .1726372759E-25  .3989829578E-23      .1297021698E-25  .1349611485E-25       -.73305261E-50
                      -.398979223E-23      -89.7520842      .3730762316E-26       16.0473892      -.259064389E-49
 
 XX0127               .1680977302E-25  .3989958215E-23      -.113551764E-26  .4107760076E-26      -.788504222E-50              0.0
                       -.39899228E-23      -89.7586110      .3947694585E-26      106.0473892       .223213394E-50        0.0000000
 
            XX0128    .1726372759E-25  .3989829578E-23      .1135517641E-26  .4107760076E-26      .7885042221E-50
                      -.398979223E-23      -89.7520842      -.394769458E-26      -73.9526108      -.223116377E-50
 
 XX0128               .1726372759E-25  .3989829578E-23      .2007579223E-26  .2007598016E-26      .7255862862E-69  .7255862862E-69
                      -.398979223E-23      -89.7520842      .8686743276E-29        0.2479158      -.400498697E-50        0.0000000
 
            TERRA                 0.0              0.0      -.200757922E-26  .2007598016E-26                  0.0
                                  0.0              0.0      -.868674328E-29     -179.7520842                  0.0
 
 XX0128               .1726372759E-25  .3989829578E-23      -.161133138E-25  .1611465945E-25       -.55451612E-51  .2802485037E-51
                      -.398979223E-23      -89.7520842      .2082455256E-27      179.2595610      .3214258964E-49              0.0
 
            XX0129    .5204263225E-25  .3990581073E-23      .1611331385E-25  .1611465945E-25       .834764624E-51
                       -.39902417E-23      -89.2527635      -.208245526E-27       -0.7404390      -.321425896E-49
 
 XX0129               .5204263225E-25  .3990581073E-23      -.161133138E-25  .1611465945E-25      -.834764624E-51  .7099652398E-68
                       -.39902417E-23      -89.2527635      .2082455256E-27      179.2595610      .3214258964E-49        0.0000000
 
            XX0130    .5865033751E-25   .347945482E-23      .1611331385E-25  .1611465945E-25       .834764624E-51
                      -.347896047E-23      -89.0341659      -.208245526E-27       -0.7404390      -.280226842E-49
 
 XX0130               .5865033751E-25   .347945482E-23      -.664676675E-32  .5130825774E-30      .8922271928E-54    .49083846E-57
                      -.347896047E-23      -89.0341659      -.513039523E-30      -90.7422632      .2660688998E-55              0.0
 
            XX0131     .586751234E-25  .3477542378E-23      .6646766753E-32  .5130825774E-30      -.891736354E-54
                      -.347704734E-23      -89.0332263      .5130395226E-30       89.2577368        -.2660689E-55
 
 XX0130               .5865033751E-25   .347945482E-23      -.161133072E-25  .1611465945E-25      -.835656851E-51              0.0
                      -.347896047E-23      -89.0341659      .2087585651E-27      179.2577368      .2802265755E-49        0.0000000
 
            XX0131     .586751234E-25  .3477542378E-23       .161133072E-25  .1611465945E-25      .8356568512E-51
                      -.347704734E-23      -89.0332263      -.208758565E-27       -0.7422632      -.280072415E-49
 
 XX0131                .586751234E-25  .3477542378E-23      -.823595474E-31  .6189290419E-29      .1075685897E-52  .6360241996E-56
                      -.347704734E-23      -89.0332263      -.618874242E-29      -90.7624450      .3247466353E-54              0.0
 
            XX0132    .5870247204E-25  .3475488074E-23      .8235954735E-31  .6189290419E-29      -.107504987E-52
                      -.347499228E-23      -89.0322039      .6188742424E-29       89.2375550      -.324746635E-54
 
 XX0131                .586751234E-25  .3477542378E-23      -.161132315E-25  .1611465827E-25      -.845521974E-51              0.0
                      -.347704734E-23      -89.0332263       .214434268E-27      179.2375550      .2800694338E-49        0.0000000
 
            XX0132    .5870247204E-25  .3475488074E-23      .1611323149E-25  .1611465827E-25      .8455219738E-51
                      -.347499228E-23      -89.0322039      -.214434268E-27       -0.7624450      -.279903836E-49
 
 XX0132               .5870247204E-25  .3475488074E-23      -.384651458E-29   .165749322E-27       .287798348E-51  .1933041482E-54
                      -.347499228E-23      -89.0322039      -.165704683E-27      -91.3297722      .1154694151E-52              0.0
 
            XX0133    .5875660167E-25  .3473157462E-23      .3846514579E-29   .165749322E-27      -.287605044E-51
                      -.347266042E-23      -89.0306613      .1657046833E-27       88.6702278      -.115469415E-52
 
 XX0132               .5870247204E-25  .3475488074E-23      -.161094673E-25  .1611380701E-25      -.112256982E-50  -.724454326E-70
                      -.347499228E-23      -89.0322039      .3739502089E-27      178.6702278      .2797916143E-49        0.0000000
 
            XX0133    .5875660167E-25  .3473157462E-23      .1610946733E-25  .1611380701E-25      .1122569823E-50
                      -.347266042E-23      -89.0306613      -.373950209E-27       -1.3297722      -.279603688E-49
 
 XX0133               .5875660167E-25  .3473157462E-23      -.268706536E-27  .1980201714E-26      .3398587327E-50  .4551401396E-53
                      -.347266042E-23      -89.0306613      -.196188573E-26      -97.7988998      .5242001464E-51        0.0000000
 
            XX0134    .5938038606E-25   .346861435E-23      .2687065363E-27  .1980201714E-26      -.339403593E-50
                      -.346810604E-23      -89.0190862      .1961885732E-26       82.2011002      -.524200146E-51
 
 XX0133               .5875660167E-25  .3473157462E-23      -.158446073E-25  .1599253108E-25      -.423355211E-50  -.289781731E-69
                      -.347266042E-23      -89.0306613      .2170131257E-26      172.2011002       .274477156E-49        0.0000000
 
            XX0134    .5938038606E-25   .346861435E-23      .1584460731E-25  .1599253108E-25      .4233552106E-50
                      -.346810604E-23      -89.0190862      -.217013126E-26       -7.7988998      -.274109575E-49
 
 XX0134               .5938038606E-25   .346861435E-23       -.14805165E-25  .1541639524E-25      .7013296398E-50  .4159113986E-53
                      -.346810604E-23      -89.0190862      -.429794506E-26     -163.8119667      .2580054786E-49        0.0000000
 
            XX0135    .5989856338E-25  .3468472855E-23        .14805165E-25  .1541639524E-25      -.700913728E-50
                      -.346795561E-23      -89.0104851      .4297945061E-26       16.1880333      -.258005479E-49
 
 XX0134               .5938038606E-25   .346861435E-23      -.130814885E-26  .4692228364E-26      -.785281258E-50  -.579563461E-69
                      -.346810604E-23      -89.0190862      .4506190587E-26      106.1880333      .2134609795E-50        0.0000000
 
            XX0135    .5989856338E-25  .3468472855E-23      .1308148851E-26  .4692228364E-26      .7852812579E-50
                      -.346795561E-23      -89.0104851      -.450619059E-26      -73.8119667       -.21333439E-50
 
 XX0135               .5989856338E-25  .3468472855E-23      .1745002052E-26  .1745262319E-26      -.566432726E-68  -.566432726E-68
                      -.346795561E-23      -89.0104851       .301396926E-28        0.9895149      -.302669749E-50        0.0000000
 
            TERRA                 0.0              0.0      -.174500205E-26  .1745262319E-26                  0.0
                                  0.0              0.0      -.301396926E-28     -179.0104851                  0.0
 
 XX0135               .5989856338E-25  .3468472855E-23      -.178583159E-25  .1785920403E-25      -.843675295E-51  .3442113889E-51
                      -.346795561E-23      -89.0104851       .178105833E-27      179.4285926      .3096058925E-49              0.0
 
            XX0136    .9844387268E-25  .3469736845E-23       .178583159E-25  .1785920403E-25      .1187886683E-50
                      -.346834003E-23      -88.3741777      -.178105833E-27       -0.5714074      -.309605893E-49
 
 XX0136               .9844387268E-25  .3469736845E-23      -.178583159E-25  .1785920403E-25      -.118788668E-50  -.869345192E-69
                      -.346834003E-23      -88.3741777       .178105833E-27      179.4285926      .3096058925E-49        0.0000000
 
            XX0137    .1040952347E-24  .2903555816E-23       .178583159E-25  .1785920403E-25      .1187886683E-50
                      -.290168926E-23      -87.9454516      -.178105833E-27       -0.5714074      -.259003717E-49
 
 XX0137               .1040952347E-24  .2903555816E-23      -.568890324E-32  .5686279911E-30      .8246534847E-54  .6028656204E-57
                      -.290168926E-23      -87.9454516      -.568599533E-30      -90.5732317      .3784796561E-55              0.0
 
            XX0138    .1041164487E-24  .2901437626E-23      .5688903241E-32  .5686279911E-30      -.824050619E-54
                      -.289956894E-23      -87.9435318      .5685995327E-30       89.4267683      -.378479656E-55
 
 XX0137               .1040952347E-24  .2903555816E-23      -.178583102E-25  .1785920402E-25      -.118871134E-50  -.724454326E-70
                      -.290168926E-23      -87.9454516      .1786744325E-27      179.4267683      .2590033389E-49        0.0000000
 
            XX0138    .1041164487E-24  .2901437626E-23      .1785831021E-25  .1785920402E-25      .1188711337E-50
                      -.289956894E-23      -87.9435318      -.178674433E-27       -0.5732317      -.258813994E-49
 
 XX0138               .1041164487E-24  .2901437626E-23      -.710409633E-31  .6859332068E-29      .9940321494E-53  .7811880178E-56
                      -.289956894E-23      -87.9435318      -.685896418E-29      -90.5934135      .4600595815E-54        0.0000000
 
            XX0139    .1041400388E-24  .2899162325E-23      .7104096333E-31  .6859332068E-29      -.993250961E-53
                      -.289729133E-23      -87.9414507      .6858964179E-29       89.4065865      -.460059581E-54
 
 XX0138               .1041164487E-24  .2901437626E-23      -.178582449E-25  .1785920271E-25      -.119782761E-50              0.0
                      -.289956894E-23      -87.9435318      .1849647972E-27      179.4065865      .2588097715E-49        0.0000000
 
            XX0139    .1041400388E-24  .2899162325E-23      .1785824486E-25  .1785920271E-25      .1197827608E-50
                      -.289729133E-23      -87.9414507      -.184964797E-27       -0.5934135      -.258606379E-49
 
 XX0139               .1041400388E-24  .2899162325E-23      -.372113628E-29  .1836930509E-27      .2658577767E-51  .2374231742E-54
                      -.289729133E-23      -87.9414507      -.183655357E-27      -91.1607406      .1495354594E-52              0.0
 
            XX0140    .1041924041E-24  .2896581409E-23      .3721136284E-29  .1836930509E-27      -.265620354E-51
                      -.289470686E-23      -87.9385792      .1836553568E-27       88.8392594      -.149535459E-52
 
 XX0139               .1041400388E-24  .2899162325E-23      -.178545948E-25   .178582593E-25      -.145375287E-50  -.144890865E-69
                      -.289729133E-23      -87.9414507      .3617611898E-27      178.8392594      .2584614438E-49        0.0000000
 
            XX0140    .1041924041E-24  .2896581409E-23      .1785459476E-25   .178582593E-25      .1453752875E-50
                      -.289470686E-23      -87.9385792       -.36176119E-27       -1.1607406      -.258230626E-49
 
 XX0140               .1041924041E-24  .2896581409E-23      -.291380489E-27  .2194574854E-26      .3133023902E-50  .5590196469E-53
                      -.289470686E-23      -87.9385792       -.21751451E-26      -97.6298682      .5350473487E-51              0.0
 
            XX0141    .1048688245E-24  .2891559681E-23       .291380489E-27  .2194574854E-26      -.312743371E-50
                       -.28896574E-23      -87.9215857      .2175145099E-26       82.3701318      -.535047349E-51
 
 XX0140               .1041924041E-24  .2896581409E-23      -.175669354E-25  .1772385425E-25      -.432115642E-50   .579563461E-69
                      -.289470686E-23      -87.9385792      .2353250932E-26      172.3701318      .2530296878E-49        0.0000000
 
            XX0141    .1048688245E-24  .2891559681E-23      .1756693541E-25  .1772385425E-25      .4321156424E-50
                       -.28896574E-23      -87.9215857      -.235325093E-26       -7.6298682      -.252578212E-49
 
 XX0141               .1048688245E-24  .2891559681E-23      -.163938223E-25  .1708534696E-25      .6092363673E-50  .5108374827E-53
                       -.28896574E-23      -87.9215857      -.481161822E-26     -163.6429352      .2393855944E-49              0.0
 
            XX0142    .1054426045E-24  .2891412253E-23      .1639382234E-25  .1708534696E-25       -.60872553E-50
                        -.2889489E-23      -87.9101022      .4811618222E-26       16.3570648      -.239385594E-49
 
 XX0141               .1048688245E-24  .2891559681E-23      -.146449356E-26   .520020072E-26      -.728608639E-50              0.0
                       -.28896574E-23      -87.9215857      .4989724055E-26      106.3570648      .1854309077E-50        0.0000000
 
            XX0142    .1054426045E-24  .2891412253E-23      .1464493557E-26   .520020072E-26      .7286086391E-50
                        -.2889489E-23      -87.9101022      -.498972406E-26      -73.6429352      -.185275426E-50
 
 XX0142               .1054426045E-24  .2891412253E-23      .1453929866E-26  .1454897607E-26      .1008802649E-67  .1008802649E-67
                        -.2889489E-23      -87.9101022      .5305649263E-28        2.0898978      -.210335438E-50        0.0000000
 
            TERRA                 0.0              0.0      -.145392987E-26  .1454897607E-26                  0.0
                                  0.0              0.0      -.530564926E-28     -177.9101022                  0.0
 
 XX0142               .1054426045E-24  .2891412253E-23      -.193122458E-25  .1931265062E-25      -.119883109E-50  .4025175363E-51
                        -.2889489E-23      -87.9101022      .1250493403E-27      179.6290075      .2789466808E-49              0.0
 
            XX0143    .1471260695E-24   .289350179E-23      .1931224576E-25  .1931265062E-25      .1601348629E-50
                      -.288975891E-23      -87.0854210       -.12504934E-27       -0.3709925      -.278946681E-49
 
 XX0143               .1471260695E-24   .289350179E-23      -.193122458E-25  .1931265062E-25      -.160134863E-50  -.188358125E-68
                      -.288975891E-23      -87.0854210      .1250493403E-27      179.6290075      .2789466808E-49        0.0000000
 
            XX0144      .15109393E-24  .2281982005E-23      .1931224576E-25  .1931265062E-25      .1601348629E-50
                      -.227697442E-23      -86.2035711       -.12504934E-27       -0.3709925      -.219772977E-49
 
 XX0144                 .15109393E-24  .2281982005E-23      -.400108537E-32  .6149049927E-30      .6997443786E-54  .7049853434E-57
                      -.227697442E-23      -86.2035711      -.614891975E-30      -90.3728168      .5100840705E-55              0.0
 
            XX0145    .1511088501E-24  .2279695089E-23      .4001085373E-32  .6149049927E-30      -.699039393E-54
                      -.227468148E-23      -86.1993813      .6148919754E-30       89.6271832      -.510084071E-55
 
 XX0144                 .15109393E-24  .2281982005E-23      -.193122418E-25  .1931265061E-25      -.160204837E-50              0.0
                      -.227697442E-23      -86.2035711      .1256642323E-27      179.6271832      .2197724666E-49        0.0000000
 
            XX0145    .1511088501E-24  .2279695089E-23      .1931224176E-25  .1931265061E-25      .1602048373E-50
                      -.227468148E-23      -86.1993813      -.125664232E-27       -0.3728168      -.219551048E-49
 
 XX0145               .1511088501E-24  .2279695089E-23      -.508775974E-31  .7417569311E-29      .8432261273E-53  .9135138651E-56
                      -.227468148E-23      -86.1993813      -.741739482E-29      -90.3929986      .6182821652E-54              0.0
 
            XX0146    .1511257447E-24  .2277238583E-23      .5087759736E-31  .7417569311E-29      -.842312613E-53
                      -.227221843E-23      -86.1948494      .7417394822E-29       89.6070014      -.618282165E-54
 
 XX0145               .1511088501E-24  .2279695089E-23      -.193121949E-25  .1931264919E-25       -.16097816E-50  -.144890865E-69
                      -.227468148E-23      -86.1993813      .1324667352E-27      179.6070014      .2195453753E-49        0.0000000
 
            XX0146    .1511257447E-24  .2277238583E-23      .1931219489E-25  .1931264919E-25      .1609781595E-50
                      -.227221843E-23      -86.1948494      -.132466735E-27       -0.3929986       -.21930753E-49
 
 XX0146               .1511257447E-24  .2277238583E-23      -.332926317E-29  .1986426555E-27      .2253964833E-51  .2776404099E-54
                      -.227221843E-23      -86.1948494      -.198614754E-27      -90.9603258      .1879030788E-52              0.0
 
            XX0147    .1511725954E-24  .2274452882E-23      .3329263171E-29  .1986426555E-27      -.225118843E-51
                      -.226942344E-23      -86.1889992      .1986147542E-27       89.0396742      -.187903079E-52
 
 XX0146               .1511257447E-24  .2277238583E-23      -.193089165E-25  .1931162901E-25      -.182675495E-50              0.0
                      -.227221843E-23      -86.1948494      .3236640945E-27      179.0396742      .2191258093E-49        0.0000000
 
            XX0147    .1511725954E-24  .2274452882E-23       .193089165E-25  .1931162901E-25      .1826754952E-50
                      -.226942344E-23      -86.1889992      -.323664095E-27       -0.9603258      -.218855893E-49
 
 XX0147               .1511725954E-24  .2274452882E-23      -.306864535E-27   .237317729E-26      .2647070195E-50  .6537122775E-53
                      -.226942344E-23      -86.1889992      -.235325405E-26      -97.4294534      .5260765454E-51        0.0000000
 
            XX0148     .151884961E-24  .2269049641E-23      .3068645349E-27   .237317729E-26      -.264053307E-50
                      -.226396052E-23      -86.1618825      .2353254046E-26       82.5705466      -.526076545E-51
 
 XX0147               .1511725954E-24  .2274452882E-23      -.190053812E-25  .1916628559E-25       -.42487063E-50   .579563461E-69
                      -.226942344E-23      -86.1889992      .2478303386E-26      172.5705466      .2137830307E-49        0.0000000
 
            XX0148     .151884961E-24  .2269049641E-23      .1900538123E-25  .1916628559E-25      .4248706304E-50
                      -.226396052E-23      -86.1618825      -.247830339E-26       -7.4294534      -.213255079E-49
 
 XX0148                .151884961E-24  .2269049641E-23      -.177097022E-25  .1847581427E-25      .4615165581E-50  .5973685113E-53
                      -.226396052E-23      -86.1618825      -.526518395E-26     -163.4425203      .2044688439E-49              0.0
 
            XX0149    .1525047965E-24  .2268907352E-23      .1770970217E-25  .1847581427E-25       -.46091919E-50
                      -.226377624E-23      -86.1459537      .5265183949E-26       16.5574797      -.204468844E-49
 
 XX0148                .151884961E-24  .2269049641E-23       -.16025436E-26  .5623411854E-26      -.622333881E-50              0.0
                      -.226396052E-23      -86.1618825      .5390233289E-26      106.5574797      .1404700029E-50        0.0000000
 
            XX0149    .1525047965E-24  .2268907352E-23      .1602543596E-26  .5623411854E-26      .6223338814E-50
                      -.226377624E-23      -86.1459537      -.539023329E-26      -73.4425203      -.140288184E-50
 
 XX0149               .1525047965E-24  .2268907352E-23      .1139084414E-26  .1141666282E-26      -.107581467E-67  -.107581467E-67
                      -.226377624E-23      -86.1459537      .7673719412E-28        3.8540463      -.129516751E-50        0.0000000
 
            TERRA                 0.0              0.0      -.113908441E-26  .1141666282E-26                  0.0
                                  0.0              0.0      -.767371941E-28     -176.1459537                  0.0
 
 XX0149               .1525047965E-24  .2268907352E-23      -.204513302E-25  .2045138724E-25      -.161414692E-50  .4513844382E-51
                      -.226377624E-23      -86.1459537      .4831214622E-28      179.8646505      .2314493374E-49        0.0000000
 
            XX0150    .1966468562E-24  .2272405108E-23      .2045133018E-25  .2045138724E-25      .2065531356E-50
                      -.226388052E-23      -85.0355925      -.483121462E-28       -0.1353495      -.231449337E-49
 
 XX0150               .1966468562E-24  .2272405108E-23      -.204513302E-25  .2045138724E-25      -.206553136E-50  .8693451916E-69
                      -.226388052E-23      -85.0355925      .4831214622E-28      179.8646505      .2314493374E-49        0.0000000
 
            XX0151    .1981798179E-24  .1627066907E-23      .2045133018E-25  .2045138724E-25      .2065531356E-50
                      -.161495247E-23      -83.0038940      -.483121462E-28       -0.1353495      -.165091758E-49
 
 XX0151               .1981798179E-24  .1627066907E-23      -.155896682E-32  .6511617889E-30      .5256416849E-54  .7905727937E-57
                      -.161495247E-23      -83.0038940      -.651159923E-30      -90.1371737      .6578220612E-55              0.0
 
            XX0152    .1981856313E-24  .1624657538E-23      .1558966815E-32  .6511617889E-30      -.524851112E-54
                      -.161252429E-23      -82.9932603      .6511599227E-30       89.8628263      -.657822061E-55
 
 XX0151               .1981798179E-24  .1627066907E-23      -.204513286E-25  .2045138723E-25        -.2066057E-50              0.0
                      -.161495247E-23      -83.0038940      .4896330614E-28      179.8628263      .1650911007E-49        0.0000000
 
            XX0152    .1981856313E-24  .1624657538E-23      .2045132862E-25  .2045138723E-25      .2066056997E-50
                      -.161252429E-23      -82.9932603      -.489633061E-28       -0.1371737      -.164842801E-49
 
 XX0152               .1981856313E-24  .1624657538E-23      -.215725446E-31  .7854933297E-29      .6330973783E-53  .1024417337E-55
                      -.161252429E-23      -82.9932603      -.785490367E-29      -90.1573555      .7957576479E-54              0.0
 
            XX0153    .1981927948E-24  .1622069593E-23      .2157254458E-31  .7854933297E-29      -.632072961E-53
                      -.160991595E-23      -82.9817701      .7854903674E-29       89.8426445      -.795757648E-54
 
 XX0152               .1981856313E-24  .1624657538E-23      -.204513086E-25  .2045138573E-25      -.207186312E-50              0.0
                      -.161252429E-23      -82.9932603      .5616704989E-28      179.8426445      .1648355015E-49        0.0000000
 
            XX0153    .1981927948E-24  .1622069593E-23      .2045130861E-25  .2045138573E-25       .207186312E-50
                      -.160991595E-23      -82.9817701      -.561670499E-28       -0.1573555      -.164568781E-49
 
 XX0153               .1981927948E-24  .1622069593E-23      -.266052338E-29  .2103552718E-27       .169049962E-51  .3113468338E-54
                      -.160991595E-23      -82.9817701      -.210338446E-27      -90.7246827      .2298539179E-52        0.0000000
 
            XX0154    .1982302347E-24  .1619136431E-23      .2660523383E-29  .2103552718E-27      -.168738615E-51
                      -.160695599E-23      -82.9676571      .2103384463E-27       89.2753173      -.229853918E-52
 
 XX0153               .1981927948E-24  .1622069593E-23      -.204486697E-25   .204503054E-25      -.223459235E-50  -.144890865E-69
                      -.160991595E-23      -82.9817701      .2586505925E-27      179.2753173      .1643468842E-49        0.0000000
 
            XX0154    .1982302347E-24  .1619136431E-23      .2044866966E-25   .204503054E-25      .2234592352E-50
                      -.160695599E-23      -82.9676571      -.258650593E-27       -0.7246827      -.164044199E-49
 
 XX0154               .1982302347E-24  .1619136431E-23       -.31470654E-27  .2513107533E-26      .1972139551E-50  .7330750155E-53
                      -.160695599E-23      -82.9676571      -.249332494E-26      -97.1938103      .4999859739E-51        0.0000000
 
            XX0155    .1989608051E-24  .1613481966E-23      .3147065396E-27  .2513107533E-26       -.19648088E-50
                       -.16011679E-23      -82.9167453      .2493324942E-26       82.8061897      -.499985974E-51
 
 XX0154               .1982302347E-24  .1619136431E-23      -.201366236E-25  .2029639206E-25      -.403799329E-50   .579563461E-69
                      -.160695599E-23      -82.9676571      .2541637088E-26      172.8061897      .1592741934E-49        0.0000000
 
            XX0155    .1989608051E-24  .1613481966E-23      .2013662364E-25  .2029639206E-25      .4037993288E-50
                       -.16011679E-23      -82.9167453      -.254163709E-26       -7.1938103      -.158682146E-49
 
 XX0155               .1989608051E-24  .1613481966E-23       -.18730834E-25  .1956520831E-25      .2662125268E-50  .6698909379E-53
                       -.16011679E-23      -82.9167453      -.565271908E-26     -163.2068773      .1555793988E-49        0.0000000
 
            XX0156    .1996163799E-24  .1613366613E-23      .1873083402E-25  .1956520831E-25      -.265542636E-50
                      -.160097006E-23      -82.8927750      .5652719079E-26       16.7931227      -.155579399E-49
 
 XX0155               .1989608051E-24  .1613481966E-23      -.172049616E-26  .5954986488E-26      -.473530976E-50  -.289781731E-69
                       -.16011679E-23      -82.9167453      .5701031226E-26      106.7931227      .8102607317E-51        0.0000000
 
            XX0156    .1996163799E-24  .1613366613E-23      .1720496159E-26  .5954986488E-26      .4735309755E-50
                      -.160097006E-23      -82.8927750      -.570103123E-26      -73.2068773      -.808221811E-51
 
 XX0156               .1996163799E-24  .1613366613E-23      .4027871681E-27  .4059060103E-27      -.421089077E-69  -.421089077E-69
                      -.160097006E-23      -82.8927750      .5022137417E-28        7.1072250      -.327437603E-51        0.0000000
 
            TERRA                 0.0              0.0      -.402787168E-27  .4059060103E-27                  0.0
                                  0.0              0.0      -.502213742E-28     -172.8927750                  0.0
 
 X0001A               .2839324486E-19  .2839324569E-19                  0.0              0.0                  0.0              0.0
                      -.687937513E-23       -0.0138821                  0.0              0.0                  0.0              0.0
 
            XX0002    .2839324486E-19  .2839324569E-19                  0.0              0.0                  0.0
                      -.687937513E-23       -0.0138821                  0.0              0.0                  0.0
 
 XX0002               .2839324486E-19  .2839324569E-19                  0.0              0.0                  0.0              0.0
                      -.687937513E-23       -0.0138821                  0.0              0.0                  0.0              0.0
 
            XX0005    .2839324486E-19  .2839324569E-19                  0.0              0.0                  0.0
                      -.687937513E-23       -0.0138821                  0.0              0.0                  0.0
 
 X0001B               .3839336592E-19  .3839336593E-19                  0.0              0.0                  0.0              0.0
                      -.623244543E-24       -0.0009301                  0.0              0.0                  0.0              0.0
 
            XX0003    .3839336592E-19  .3839336593E-19                  0.0              0.0                  0.0
                      -.623244543E-24       -0.0009301                  0.0              0.0                  0.0
 
 XX0003               .3839336592E-19  .3839336593E-19                  0.0              0.0                  0.0              0.0
                      -.623244543E-24       -0.0009301                  0.0              0.0                  0.0              0.0
 
            XX0006    .3839336592E-19  .3839336593E-19                  0.0              0.0                  0.0
                      -.623244543E-24       -0.0009301                  0.0              0.0                  0.0
 
 X0001C               .3839353144E-19  .3839353212E-19                  0.0              0.0                  0.0              0.0
                      .7208340114E-23        0.0107572                  0.0              0.0                  0.0              0.0
 
            XX0004    .3839353144E-19  .3839353212E-19                  0.0              0.0                  0.0
                      .7208340114E-23        0.0107572                  0.0              0.0                  0.0
 
 XX0004               .3839353144E-19  .3839353212E-19                  0.0              0.0                  0.0              0.0
                      .7208340114E-23        0.0107572                  0.0              0.0                  0.0              0.0
 
            XX0007    .3839353144E-19  .3839353212E-19                  0.0              0.0                  0.0
                      .7208340114E-23        0.0107572                  0.0              0.0                  0.0
 
 XX0005               .2839324486E-19  .2839324569E-19      .2839324486E-26  .2839324569E-26      .4030882004E-46  .4030882004E-46
                      -.687937513E-23       -0.0138821      -.687937513E-30       -0.0138821      -.199369831E-66        0.0000000
 
            TERRA                 0.0              0.0      -.283932449E-26  .2839324569E-26                  0.0
                                  0.0              0.0      .6879375127E-30      179.9861179                  0.0
 
 XX0006               .3839336592E-19  .3839336593E-19      .3839336592E-26  .3839336593E-26      .7370252737E-46  .7370252737E-46
                      -.623244543E-24       -0.0009301      -.623244543E-31       -0.0009301      .3028219084E-67        0.0000000
 
            TERRA                 0.0              0.0      -.383933659E-26  .3839336593E-26                  0.0
                                  0.0              0.0       .623244543E-31      179.9990699                  0.0
 
 XX0007               .3839353144E-19  .3839353212E-19      .3839353144E-26  .3839353212E-26      .7370316543E-46  .7370316543E-46
                      .7208340114E-23        0.0107572      .7208340114E-30        0.0107572      .1004963041E-65        0.0000000
 
            TERRA                 0.0              0.0      -.383935314E-26  .3839353212E-26                  0.0
                                  0.0              0.0      -.720834011E-30     -179.9892428                  0.0
 
 XX0008               .1839338074E-19  .1839338074E-19      .1839338074E-26  .1839338074E-26      .1691582275E-46  .1691582275E-46
                      -.980931826E-25       -0.0003056      -.980931826E-32       -0.0003056      .1001558106E-67        0.0000000
 
            TERRA                 0.0              0.0      -.183933807E-26  .1839338074E-26                  0.0
                                  0.0              0.0      .9809318259E-32      179.9996944                  0.0
 
 XX0009               .2839329798E-19  .2839329826E-19      .2839329798E-26  .2839329826E-26      .4030896932E-46  .4030896932E-46
                      -.401388551E-23       -0.0080998      -.401388551E-30       -0.0080998      .9081759435E-66        0.0000000
 
            TERRA                 0.0              0.0       -.28393298E-26  .2839329826E-26                  0.0
                                  0.0              0.0      .4013885511E-30      179.9919002                  0.0
 
 XX0010                .283934635E-19  .2839346376E-19       .283934635E-26  .2839346376E-26      .4030943921E-46  .4030943921E-46
                      .3817699146E-23        0.0077038      .3817699146E-30        0.0077038      -.620132903E-66        0.0000000
 
            TERRA                 0.0              0.0      -.283934635E-26  .2839346376E-26                  0.0
                                  0.0              0.0      -.381769915E-30     -179.9922962                  0.0
 
 XX0011               .1839338074E-19  .1839338074E-19      .1839338074E-26  .1839338074E-26      .1691582275E-46  .1691582275E-46
                      -.980931826E-25       -0.0003056      -.980931826E-32       -0.0003056      -.760677043E-69        0.0000000
 
            TERRA                 0.0              0.0      -.183933807E-26  .1839338074E-26                  0.0
                                  0.0              0.0      .9809318259E-32      179.9996944                  0.0
 
 XX0012               .1839338074E-19  .1839338074E-19      .1839338074E-26  .1839338074E-26      .1691582275E-46  .1691582275E-46
                      -.980931826E-25       -0.0003056      -.980931826E-32       -0.0003056      .4663674726E-68        0.0000000
 
            TERRA                 0.0              0.0      -.183933807E-26  .1839338074E-26                  0.0
                                  0.0              0.0      .9809318259E-32      179.9996944                  0.0
 
 XX0087               .2923088383E-24  .2616141942E-23      .2923088383E-31  .2616141942E-30      .3422099331E-54  .3422099331E-54
                      -.259976041E-23      -83.5847870      -.259976041E-30      -83.5847870      .1854910827E-71        0.0000000
 
            TERRA                 0.0              0.0      -.292308838E-31  .2616141942E-30                  0.0
                                  0.0              0.0      .2599760413E-30       96.4152130                  0.0
 
 XX0156               .1996163799E-24  .1613366613E-23      .1996163799E-31  .1613366613E-30      .1301475914E-54  .1301475914E-54
                      -.160097006E-23      -82.8927750      -.160097006E-30      -82.8927750      -.110211329E-71        0.0000000
 
            TERRA                 0.0              0.0       -.19961638E-31  .1613366613E-30                  0.0
                                  0.0              0.0      .1600970059E-30       97.1072250                  0.0
 
 XX0015                .145377619E-19   .145377619E-19       .145377619E-26   .145377619E-26      .1056732605E-46  .1056732605E-46
                      -.169902376E-24       -0.0006696      -.169902376E-31       -0.0006696      .1783968779E-68        0.0000000
 
            TERRA                 0.0              0.0      -.145377619E-26   .145377619E-26                  0.0
                                  0.0              0.0      .1699023762E-31      179.9993304                  0.0
 
 XX0157               .1728906639E-19   .172890664E-19      .1728906639E-26   .172890664E-26      .1494559086E-46  .1494559086E-46
                      -.786494055E-24       -0.0026064      -.786494055E-31       -0.0026064      .7729927662E-67        0.0000000
 
            TERRA                 0.0              0.0      -.172890664E-26   .172890664E-26                  0.0
                                  0.0              0.0      .7864940555E-31      179.9973936                  0.0
 
 XX0158                .287108813E-20  .2871088258E-20       .287108813E-27  .2871088258E-27      .4121573892E-48  .4121573892E-48
                      -.855407275E-24       -0.0170706      -.855407275E-31       -0.0170706      -.789655216E-68        0.0000000
 
            TERRA                 0.0              0.0      -.287108813E-27  .2871088258E-27                  0.0
                                  0.0              0.0      .8554072745E-31      179.9829294                  0.0
 
 XX0159               -.234763757E-20  .2347638039E-20      -.234763757E-27  .2347638039E-27      .2755702182E-48  .2755702182E-48
                      -.148160886E-23     -179.9638403      -.148160886E-30     -179.9638403      .1604666333E-67        0.0000000
 
            TERRA                 0.0              0.0      .2347637572E-27  .2347638039E-27                  0.0
                                  0.0              0.0      .1481608862E-30        0.0361597                  0.0
 
 XX0160               .2383383909E-19  .2383383911E-19      .2383383909E-26  .2383383911E-26      .2840259434E-46  .2840259434E-46
                      .1112270561E-23        0.0026739      .1112270561E-30        0.0026739      -.707067422E-67        0.0000000
 
            TERRA                 0.0              0.0      -.238338391E-26  .2383383911E-26                  0.0
                                  0.0              0.0      -.111227056E-30     -179.9973261                  0.0
 
 XX0161               .2008180386E-19   .200818039E-19      .2008180386E-26   .200818039E-26      .2016394239E-46  .2016394239E-46
                       .120972857E-23        0.0034515       .120972857E-30        0.0034515      -.188358125E-66        0.0000000
 
            TERRA                 0.0              0.0      -.200818039E-26   .200818039E-26                  0.0
                                  0.0              0.0      -.120972857E-30     -179.9965485                  0.0
 
 PHASEA               -.334217861E-19  .3342178617E-19      -.334217861E-25  .3342178617E-25      .5585078953E-45  .5585078953E-45
                      -.222078867E-23     -179.9961928      -.222078867E-29     -179.9961928       -.47616934E-65        0.0000000
 
            TERRA                 0.0              0.0      .3342178609E-25  .3342178617E-25                  0.0
                                  0.0              0.0      .2220788672E-29        0.0038072                  0.0
 
 PHASEB               -.108217924E-19  .1082179243E-19      -.108217924E-25  .1082179243E-25      .5855559574E-46  .5855559574E-46
                      -.168802223E-24     -179.9991063      -.168802223E-30     -179.9991063      -.492628942E-68        0.0000000
 
            TERRA                 0.0              0.0      .1082179243E-25  .1082179243E-25                  0.0
                                  0.0              0.0      .1688022233E-30        0.0008937                  0.0
 
 PHASEC               .1746219652E-19  .1746219665E-19      .1746219652E-25  .1746219665E-25      .1524641559E-45  .1524641559E-45
                      .2095311347E-23        0.0068750      .2095311347E-29        0.0068750      .9215059031E-66        0.0000000
 
            TERRA                 0.0              0.0      -.174621965E-25  .1746219665E-25                  0.0
                                  0.0              0.0      -.209531135E-29     -179.9931250                  0.0
 
 XX0008               .1839338074E-19  .1839338074E-19      .1839338358E-19  .1839338358E-19      .1691582537E-39  .1691582798E-39
                      -.980931826E-25       -0.0003056      -.980938705E-25       -0.0003056      .6187489108E-50        0.0000000
 
            18TYP1    -.283932448E-26  .2839324567E-26      -.183933836E-19  .1839338358E-19      .2611239221E-46
                      .6879375123E-30      179.9861179      .9809387053E-25      179.9996944      -.618748911E-50
 
 XX0008               .1839338074E-19  .1839338074E-19      -.183933807E-19  .1839338074E-19      -.169158228E-39  -.169158228E-39
                      -.980931826E-25       -0.0003056      .9809318259E-25      179.9996944                  0.0              0.0
 
            TERRA                 0.0              0.0      .1839338074E-19  .1839338074E-19                  0.0
                                  0.0              0.0      -.980931826E-25       -0.0003056                  0.0
 
 XX0013               -.166424217E-24  .8307007537E-23      -.133566506E-24  .6782597765E-23      .2817154373E-46  .2817135644E-46
                      -.830534028E-23      -91.1479517      -.678128251E-23      -91.1283718      -.962717667E-50        0.0000000
 
            18TYP1    -.283932448E-26  .2839324567E-26      .1335665058E-24  .6782597765E-23      -.187286776E-51
                      .6879375123E-30      179.9861179      .6781282506E-23       88.8716282      .9627176669E-50
 
 XX0013               -.166424217E-24  .8307007537E-23      .1358848046E-24  .6782643252E-23      -.281717343E-46  -.281717343E-46
                      -.830534028E-23      -91.1479517      .6781281944E-23       88.8520483      .7696602763E-64        0.0000000
 
            TERRA                 0.0              0.0      -.135884805E-24  .6782643252E-23                  0.0
                                  0.0              0.0      -.678128194E-23      -91.1479517                  0.0
 
 TERRA                            0.0              0.0      -.231829873E-26  .2318298802E-26                  0.0  -.329120137E-53
                                  0.0              0.0      .5616986268E-30      179.9861179                  0.0        0.0000000
 
            18TYP1    -.283932448E-26  .2839324567E-26      .2318298734E-26  .2318298802E-26      -.329120137E-53
                      .6879375123E-30      179.9861179      -.561698627E-30       -0.0138821      -.293629731E-73
 
 XX0005               .2839324486E-19  .2839324569E-19      -.283932477E-19  .2839324853E-19      -.403088241E-39  -.403088281E-39
                      -.687937513E-23       -0.0138821      .6879375815E-23      179.9861179      -.412274762E-59        0.0000000
 
            18TYP1    -.283932448E-26  .2839324567E-26       .283932477E-19  .2839324853E-19       -.40308824E-46
                      .6879375123E-30      179.9861179      -.687937581E-23       -0.0138821      .8739816993E-66
 
 XX0005               .2839324486E-19  .2839324569E-19      .2839324486E-19  .2839324569E-19      .4030882004E-39  .4030882004E-39
                      -.687937513E-23       -0.0138821      -.687937513E-23       -0.0138821                  0.0              0.0
 
            TERRA                 0.0              0.0      -.283932449E-19  .2839324569E-19                  0.0
                                  0.0              0.0      .6879375127E-23      179.9861179                  0.0
 
 XX0009               .2839329798E-19  .2839329826E-19      .2839330182E-19   .283933021E-19      .4030897477E-39  .4030898022E-39
                      -.401388551E-23       -0.0080998      -.401388557E-23       -0.0080998      -.682053036E-50        0.0000000
 
            18TYP2    -.383933659E-26  .3839336591E-26      -.283933018E-19   .283933021E-19      .5450572142E-46
                      .6232445426E-31      179.9990699      .4013885573E-23      179.9919002      .6820530355E-50
 
 XX0009               .2839329798E-19  .2839329826E-19       -.28393298E-19  .2839329826E-19      -.403089693E-39  -.403089693E-39
                      -.401388551E-23       -0.0080998      .4013885511E-23      179.9919002                  0.0              0.0
 
            TERRA                 0.0              0.0      .2839329798E-19  .2839329826E-19                  0.0
                                  0.0              0.0      -.401388551E-23       -0.0080998                  0.0
 
 TERRA                            0.0              0.0      .1567402598E-26  .1567402598E-26                  0.0  .3008893073E-53
                                  0.0              0.0      -.254438519E-31       -0.0009301                  0.0        0.0000000
 
            18TYP2    -.383933659E-26  .3839336591E-26       -.15674026E-26  .1567402598E-26      .3008893073E-53
                      .6232445426E-31      179.9990699      .2544385188E-31      179.9990699      -.401581838E-75
 
 XX0013               -.166424217E-24  .8307007537E-23      .6637499961E-25  .3391290608E-23      -.140857368E-46  -.140856095E-46
                      -.830534028E-23      -91.1479517      .3390640993E-23       88.8785242      .6508908084E-50        0.0000000
 
            18TYP2    -.383933659E-26  .3839336591E-26      -.663749996E-25  .3391290608E-23      .1273123224E-51
                      .6232445426E-31      179.9990699      -.339064099E-23      -91.1214758      -.650890808E-50
 
 XX0013               -.166424217E-24  .8307007537E-23      -.679424022E-25  .3391321622E-23      .1408586714E-46  .1408586714E-46
                      -.830534028E-23      -91.1479517      -.339064097E-23      -91.1479517      .2807869056E-64        0.0000000
 
            TERRA                 0.0              0.0      .6794240221E-25  .3391321622E-23                  0.0
                                  0.0              0.0      .3390640968E-23       88.8520483                  0.0
 
 XX0006               .3839336592E-19  .3839336593E-19      -.383933698E-19  .3839336977E-19      -.737025347E-39  -.737025421E-39
                      -.623244543E-24       -0.0009301      .6232446053E-24      179.9990699      -.181099468E-60        0.0000000
 
            18TYP2    -.383933659E-26  .3839336591E-26      .3839336976E-19  .3839336977E-19      -.737025347E-46
                      .6232445426E-31      179.9990699      -.623244605E-24       -0.0009301       -.81718448E-67
 
 XX0006               .3839336592E-19  .3839336593E-19      .3839336592E-19  .3839336593E-19      .7370252737E-39  .7370252737E-39
                      -.623244543E-24       -0.0009301      -.623244543E-24       -0.0009301                  0.0              0.0
 
            TERRA                 0.0              0.0      -.383933659E-19  .3839336593E-19                  0.0
                                  0.0              0.0       .623244543E-24      179.9990699                  0.0
 
 XX0010                .283934635E-19  .2839346376E-19      .2839346734E-19   .283934676E-19      .4030944466E-39  .4030945011E-39
                      .3817699146E-23        0.0077038      .3817699867E-23        0.0077038      -.290473949E-50        0.0000000
 
            18TYP3    -.383935314E-26   .383935321E-26      -.283934673E-19   .283934676E-19       .545062754E-46
                      -.720834011E-30     -179.9892428      -.381769987E-23     -179.9922962      .2904739485E-50
 
 XX0010                .283934635E-19  .2839346376E-19      -.283934635E-19  .2839346376E-19      -.403094392E-39  -.403094392E-39
                      .3817699146E-23        0.0077038      -.381769915E-23     -179.9922962                  0.0              0.0
 
            TERRA                 0.0              0.0       .283934635E-19  .2839346376E-19                  0.0
                                  0.0              0.0      .3817699146E-23        0.0077038                  0.0
 
 TERRA                            0.0              0.0      .1567409355E-26  .1567409383E-26                  0.0  .3008919122E-53
                                  0.0              0.0      .2942792524E-30        0.0107572                  0.0        0.0000000
 
            18TYP3    -.383935314E-26   .383935321E-26      -.156740936E-26  .1567409383E-26      .3008919122E-53
                      -.720834011E-30     -179.9892428      -.294279252E-30     -179.9892428      -.639076473E-74
 
 XX0013               -.166424217E-24  .8307007537E-23      .6637499285E-25  .3391290288E-23      -.140857355E-46  -.140856068E-46
                      -.830534028E-23      -91.1479517      .3390640674E-23       88.8785243       .650890954E-50        0.0000000
 
            18TYP3    -.383935314E-26   .383935321E-26      -.663749928E-25  .3391290288E-23      .1286405632E-51
                      -.720834011E-30     -179.9892428      -.339064067E-23      -91.1214757      -.650890954E-50
 
 XX0013               -.166424217E-24  .8307007537E-23      -.679424022E-25  .3391321622E-23      .1408586714E-46  .1408586714E-46
                      -.830534028E-23      -91.1479517      -.339064097E-23      -91.1479517      .2807869056E-64        0.0000000
 
            TERRA                 0.0              0.0      .6794240221E-25  .3391321622E-23                  0.0
                                  0.0              0.0      .3390640968E-23       88.8520483                  0.0
 
 XX0007               .3839353144E-19  .3839353212E-19      -.383935353E-19  .3839353596E-19      -.737031728E-39  -.737031802E-39
                      .7208340114E-23        0.0107572      -.720834083E-23     -179.9892428      .1125004481E-58        0.0000000
 
            18TYP3    -.383935314E-26   .383935321E-26      .3839353528E-19  .3839353596E-19      -.737031728E-46
                      -.720834011E-30     -179.9892428      .7208340835E-23        0.0107572      -.550585288E-66
 
 XX0007               .3839353144E-19  .3839353212E-19      .3839353144E-19  .3839353212E-19      .7370316543E-39  .7370316543E-39
                      .7208340114E-23        0.0107572      .7208340114E-23        0.0107572                  0.0              0.0
 
            TERRA                 0.0              0.0      -.383935314E-19  .3839353212E-19                  0.0
                                  0.0              0.0      -.720834011E-23     -179.9892428                  0.0
 
 XX0011               .1839338074E-19  .1839338074E-19      .1839338742E-19  .1839338742E-19       .169158289E-39  .1691583504E-39
                      -.980931826E-25       -0.0003056      -.980936463E-25       -0.0003056      .3937059112E-50        0.0000000
 
            18TYP4    -.667866639E-26  .6678666406E-26      -.183933874E-19  .1839338742E-19       .614216492E-46
                      .4637130056E-30      179.9960218      .9809364631E-25      179.9996944      -.393705911E-50
 
 XX0011               .1839338074E-19  .1839338074E-19      -.183933807E-19  .1839338074E-19      -.169158228E-39  -.169158228E-39
                      -.980931826E-25       -0.0003056      .9809318259E-25      179.9996944                  0.0              0.0
 
            TERRA                 0.0              0.0      .1839338074E-19  .1839338074E-19                  0.0
                                  0.0              0.0      -.980931826E-25       -0.0003056                  0.0
 
 XX0014               -.117040355E-24  .5539003302E-23      -.780374984E-25   .391657018E-23       .108469397E-46  .1084668001E-46
                      -.553776662E-23      -91.2107625      -.391579266E-23      -91.1416916      -.130761545E-49        0.0000000
 
            18TYP4    -.667866639E-26  .6678666406E-26      .7803749836E-25   .391657018E-23      -.259685307E-51
                      .4637130056E-30      179.9960218      .3915792656E-23       88.8583084       .130761545E-49
 
 XX0014               -.117040355E-24  .5539003302E-23      .8276002865E-25  .3916666795E-23      -.108472152E-46  -.108472152E-46
                      -.553776662E-23      -91.2107625      .3915792328E-23       88.7892375      -.374629821E-65        0.0000000
 
            TERRA                 0.0              0.0      -.827600287E-25  .3916666795E-23                  0.0
                                  0.0              0.0      -.391579233E-23      -91.2107625                  0.0
 
 TERRA                            0.0              0.0      -.472253029E-26  .4722530304E-26                  0.0  -.157701022E-52
                                  0.0              0.0      .3278946107E-30      179.9960218                  0.0        0.0000000
 
            18TYP4    -.667866639E-26  .6678666406E-26      .4722530292E-26  .4722530304E-26      -.157701022E-52
                      .4637130056E-30      179.9960218      -.327894611E-30       -0.0039782      .1234626657E-72
 
 XX0009               .2839329798E-19  .2839329826E-19      -.283933047E-19  .2839330494E-19      -.403089788E-39  -.403089883E-39
                      -.401388551E-23       -0.0080998      .4013885975E-23      179.9919002      .6820530366E-50        0.0000000
 
            18TYP4    -.667866639E-26  .6678666406E-26      .2839330466E-19  .2839330494E-19      -.948147057E-46
                      .4637130056E-30      179.9960218      -.401388597E-23       -0.0080998      -.682053036E-50
 
 XX0009               .2839329798E-19  .2839329826E-19      .2839329798E-19  .2839329826E-19      .4030896932E-39  .4030896932E-39
                      -.401388551E-23       -0.0080998      -.401388551E-23       -0.0080998                  0.0              0.0
 
            TERRA                 0.0              0.0       -.28393298E-19  .2839329826E-19                  0.0
                                  0.0              0.0      .4013885511E-23      179.9919002                  0.0
 
 XX0012               .1839338074E-19  .1839338074E-19      .1839338742E-19  .1839338742E-19       .169158289E-39  .1691583504E-39
                      -.980931826E-25       -0.0003056        -.9809208E-25       -0.0003056      -.104678744E-49        0.0000000
 
            18TYP5    -.667869949E-26  .6678699585E-26      -.183933874E-19  .1839338742E-19      .6142195357E-46
                      -.110260393E-29     -179.9905409      .9809207999E-25      179.9996944      .1046787435E-49
 
 XX0012               .1839338074E-19  .1839338074E-19      -.183933807E-19  .1839338074E-19      -.169158228E-39  -.169158228E-39
                      -.980931826E-25       -0.0003056      .9809318259E-25      179.9996944                  0.0              0.0
 
            TERRA                 0.0              0.0      .1839338074E-19  .1839338074E-19                  0.0
                                  0.0              0.0      -.980931826E-25       -0.0003056                  0.0
 
 TERRA                            0.0              0.0      .4722553701E-26  .4722553765E-26                  0.0  .1577025893E-52
                                  0.0              0.0      .7796587127E-30        0.0094591                  0.0        0.0000000
 
            18TYP5    -.667869949E-26  .6678699585E-26       -.47225537E-26  .4722553765E-26      .1577025893E-52
                      -.110260393E-29     -179.9905409      -.779658713E-30     -179.9905409      -.243194507E-73
 
 XX0014               -.117040355E-24  .5539003302E-23      .7803747495E-25  .3916569073E-23      -.108469366E-46  -.108466739E-46
                      -.553776662E-23      -91.2107625      .3915791549E-23       88.8583084       .130761545E-49        0.0000000
 
            18TYP5    -.667869949E-26  .6678699585E-26       -.78037475E-25  .3916569073E-23      .2627532058E-51
                      -.110260393E-29     -179.9905409      -.391579155E-23      -91.1416916      -.130761545E-49
 
 XX0014               -.117040355E-24  .5539003302E-23      -.827600287E-25  .3916666795E-23      .1084721515E-46  .1084721515E-46
                      -.553776662E-23      -91.2107625      -.391579233E-23      -91.2107625      .3746298212E-65        0.0000000
 
            TERRA                 0.0              0.0      .8276002865E-25  .3916666795E-23                  0.0
                                  0.0              0.0      .3915792328E-23       88.7892375                  0.0
 
 XX0010                .283934635E-19  .2839346376E-19      -.283934702E-19  .2839347044E-19      -.403094487E-39  -.403094582E-39
                      .3817699146E-23        0.0077038      -.381770025E-23     -179.9922962      .2904739488E-50        0.0000000
 
            18TYP5    -.667869949E-26  .6678699585E-26      .2839347018E-19  .2839347044E-19      -.948157296E-46
                      -.110260393E-29     -179.9905409      .3817700248E-23        0.0077038      -.290473948E-50
 
 XX0010                .283934635E-19  .2839346376E-19       .283934635E-19  .2839346376E-19      .4030943921E-39  .4030943921E-39
                      .3817699146E-23        0.0077038      .3817699146E-23        0.0077038                  0.0              0.0
 
            TERRA                 0.0              0.0      -.283934635E-19  .2839346376E-19                  0.0
                                  0.0              0.0      -.381769915E-23     -179.9922962                  0.0
 
 TERRA                            0.0              0.0      .4678662559E-26  .4678662611E-26                  0.0  .1094494192E-52
                                  0.0              0.0      -.697746831E-30       -0.0085447                  0.0              0.0
 
            18TYP6    -.467866256E-26  .4678662611E-26      -.467866256E-26  .4678662611E-26      .1094494192E-52
                      .6977468306E-30      179.9914553      .6977468306E-30      179.9914553                  0.0
 
 XX0015                .145377619E-19   .145377619E-19      .8393383442E-20  .8393383443E-20        .61010505E-40  .6101052463E-40
                      -.169902376E-24       -0.0006696      -.980935854E-25       -0.0006696      .2698754954E-50        0.0000000
 
            18TYP6    -.467866256E-26  .4678662611E-26      -.839338344E-20  .8393383443E-20      .1963490446E-46
                      .6977468306E-30      179.9914553      .9809358544E-25      179.9993304      -.269875495E-50
 
 XX0015                .145377619E-19   .145377619E-19      -.839338074E-20  .8393380741E-20      -.610104854E-40  -.610104854E-40
                      -.169902376E-24       -0.0006696      .9809318259E-25      179.9993304      .3213300125E-61        0.0000000
 
            TERRA                 0.0              0.0      .8393380741E-20  .8393380741E-20                  0.0
                                  0.0              0.0      -.980931826E-25       -0.0006696                  0.0
 
 TERRA                            0.0              0.0      -.270122709E-26  .2701227117E-26                  0.0  -.631906516E-53
                                  0.0              0.0      .4028443203E-30      179.9914553                  0.0        0.0000000
 
            18TYP6    -.467866256E-26  .4678662611E-26      .2701227087E-26  .2701227117E-26      -.631906516E-53
                      .6977468306E-30      179.9914553       -.40284432E-30       -0.0085447      .1387314117E-72
 
 XX0008               .1839338074E-19  .1839338074E-19      -.183933854E-19  .1839338542E-19      -.169158271E-39  -.169158314E-39
                      -.980931826E-25       -0.0003056      .9809388034E-25      179.9996944      -.618748911E-50        0.0000000
 
            18TYP6    -.467866256E-26  .4678662611E-26      .1839338542E-19  .1839338542E-19      -.430282219E-46
                      .6977468306E-30      179.9914553      -.980938803E-25       -0.0003056      .6187489108E-50
 
 XX0008               .1839338074E-19  .1839338074E-19      .1839338074E-19  .1839338074E-19      .1691582275E-39  .1691582275E-39
                      -.980931826E-25       -0.0003056      -.980931826E-25       -0.0003056                  0.0              0.0
 
            TERRA                 0.0              0.0      -.183933807E-19  .1839338074E-19                  0.0
                                  0.0              0.0      .9809318259E-25      179.9996944                  0.0
 
 TERRA                            0.0              0.0      .8518004465E-26  .8518004478E-26                  0.0  .3627820015E-52
                                  0.0              0.0      -.473522324E-30       -0.0031851                  0.0              0.0
 
            18TYP7    -.851800447E-26  .8518004478E-26      -.851800447E-26  .8518004478E-26      .3627820015E-52
                      .4735223239E-30      179.9968149      .4735223239E-30      179.9968149                  0.0
 
 XX0015                .145377619E-19   .145377619E-19      .8393385659E-20  .8393385659E-20      .6101052111E-40  .6101055686E-40
                      -.169902376E-24       -0.0006696       -.98093456E-25       -0.0006696      .1569447493E-50        0.0000000
 
            18TYP7    -.851800447E-26  .8518004478E-26      -.839338566E-20  .8393385659E-20      .3574744828E-46
                      .4735223239E-30      179.9968149      .9809345598E-25      179.9993304      -.156944749E-50
 
 XX0015                .145377619E-19   .145377619E-19      -.839338074E-20  .8393380741E-20      -.610104854E-40  -.610104854E-40
                      -.169902376E-24       -0.0006696      .9809318259E-25      179.9993304      .3213300125E-61        0.0000000
 
            TERRA                 0.0              0.0      .8393380741E-20  .8393380741E-20                  0.0
                                  0.0              0.0      -.980931826E-25       -0.0006696                  0.0
 
 TERRA                            0.0              0.0      -.491787217E-26  .4917872177E-26                  0.0  -.209452286E-52
                                  0.0              0.0      .2733882411E-30      179.9968149                  0.0        0.0000000
 
            18TYP7    -.851800447E-26  .8518004478E-26      .4917872169E-26  .4917872177E-26      -.209452286E-52
                      .4735223239E-30      179.9968149      -.273388241E-30       -0.0031851      -.726129052E-73
 
 XX0011               .1839338074E-19  .1839338074E-19      -.183933893E-19  .1839338926E-19      -.169158306E-39  -.169158384E-39
                      -.980931826E-25       -0.0003056      .9809365612E-25      179.9996944      -.393705911E-50        0.0000000
 
            18TYP7    -.851800447E-26  .8518004478E-26      .1839338926E-19  .1839338926E-19      -.783374859E-46
                      .4735223239E-30      179.9968149      -.980936561E-25       -0.0003056      .3937059112E-50
 
 XX0011               .1839338074E-19  .1839338074E-19      .1839338074E-19  .1839338074E-19      .1691582275E-39  .1691582275E-39
                      -.980931826E-25       -0.0003056      -.980931826E-25       -0.0003056                  0.0              0.0
 
            TERRA                 0.0              0.0      -.183933807E-19  .1839338074E-19                  0.0
                                  0.0              0.0      .9809318259E-25      179.9996944                  0.0
 
 TERRA                            0.0              0.0      .8518037569E-26  .8518037639E-26                  0.0  .3627848261E-52
                                  0.0              0.0      .1092794608E-29        0.0073506                  0.0              0.0
 
            18TYP8    -.851803757E-26  .8518037639E-26      -.851803757E-26  .8518037639E-26      .3627848261E-52
                      -.109279461E-29     -179.9926494      -.109279461E-29     -179.9926494                  0.0
 
 XX0015                .145377619E-19   .145377619E-19      .8393385659E-20  .8393385659E-20      .6101052111E-40  .6101055686E-40
                      -.169902376E-24       -0.0006696      -.980925517E-25       -0.0006696      -.500390131E-50        0.0000000
 
            18TYP8    -.851803757E-26  .8518037639E-26      -.839338566E-20  .8393385659E-20      .3574758713E-46
                      -.109279461E-29     -179.9926494      .9809255167E-25      179.9993304      .5003901314E-50
 
 XX0015                .145377619E-19   .145377619E-19      -.839338074E-20  .8393380741E-20      -.610104854E-40  -.610104854E-40
                      -.169902376E-24       -0.0006696      .9809318259E-25      179.9993304      .3213300125E-61        0.0000000
 
            TERRA                 0.0              0.0      .8393380741E-20  .8393380741E-20                  0.0
                                  0.0              0.0      -.980931826E-25       -0.0006696                  0.0
 
 TERRA                            0.0              0.0      -.491789128E-26  .4917891322E-26                  0.0  -.209453917E-52
                                  0.0              0.0      -.630925261E-30     -179.9926494                  0.0        0.0000000
 
            18TYP8    -.851803757E-26  .8518037639E-26      .4917891282E-26  .4917891322E-26      -.209453917E-52
                      -.109279461E-29     -179.9926494      .6309252606E-30        0.0073506      .1713415841E-73
 
 XX0012               .1839338074E-19  .1839338074E-19      -.183933893E-19  .1839338926E-19      -.169158306E-39  -.169158384E-39
                      -.980931826E-25       -0.0003056       .980920898E-25      179.9996944      .1046787435E-49        0.0000000
 
            18TYP8    -.851803757E-26  .8518037639E-26      .1839338926E-19  .1839338926E-19      -.783377903E-46
                      -.109279461E-29     -179.9926494      -.980920898E-25       -0.0003056      -.104678744E-49
 
 XX0012               .1839338074E-19  .1839338074E-19      .1839338074E-19  .1839338074E-19      .1691582275E-39  .1691582275E-39
                      -.980931826E-25       -0.0003056      -.980931826E-25       -0.0003056                  0.0              0.0
 
            TERRA                 0.0              0.0      -.183933807E-19  .1839338074E-19                  0.0
                                  0.0              0.0      .9809318259E-25      179.9996944                  0.0
 
 XX0157               .1728906639E-19   .172890664E-19      .1728909743E-19  .1728909744E-19      .1494561769E-39  .1494564452E-39
                      -.786494055E-24       -0.0026064      -.786491292E-24       -0.0026064      -.360995267E-49        0.0000000
 
            18TYP9    -.310401951E-25  .3104019521E-25      -.172890974E-19  .1728909744E-19      .2683284774E-45
                      -.276395055E-29     -179.9948981      .7864912915E-24      179.9973936      .3609952671E-49
 
 XX0157               .1728906639E-19   .172890664E-19      -.172890664E-19   .172890664E-19      -.149455909E-39  -.149455909E-39
                      -.786494055E-24       -0.0026064      .7864940555E-24      179.9973936                  0.0              0.0
 
            TERRA                 0.0              0.0      .1728906639E-19   .172890664E-19                  0.0
                                  0.0              0.0      -.786494055E-24       -0.0026064                  0.0
 
 PHASEA               -.334217861E-19  .3342178617E-19      -.272887487E-19  .2728874879E-19      .4560193635E-39    .45601894E-39
                      -.222078867E-23     -179.9961928       -.18132641E-23     -179.9961928      .9570340286E-50        0.0000000
 
            18TYP9    -.310401951E-25  .3104019521E-25      .2728874873E-19  .2728874879E-19      -.423524045E-45
                      -.276395055E-29     -179.9948981      .1813264101E-23        0.0038072      -.957034029E-50
 
 PHASEA               -.334217861E-19  .3342178617E-19      .2728877408E-19  .2728877414E-19      -.456019787E-39  -.456019787E-39
                      -.222078867E-23     -179.9961928      .1813266358E-23        0.0038072      .1093889404E-59        0.0000000
 
            TERRA                 0.0              0.0      -.272887741E-19  .2728877414E-19                  0.0
                                  0.0              0.0      -.181326636E-23     -179.9961928                  0.0
 
 TERRA                            0.0              0.0      -.253442132E-25  .2534421326E-25                  0.0  -.393344664E-51
                                  0.0              0.0      -.225675617E-29     -179.9948981                  0.0        0.0000000
 
            18TYP9    -.310401951E-25  .3104019521E-25      .2534421316E-25  .2534421326E-25      -.393344664E-51
                      -.276395055E-29     -179.9948981      .2256756172E-29        0.0051019      -.888765378E-72
 
 XX0087               .2923088383E-24  .2616141942E-23      -.323349033E-24  .2619789005E-23       -.34266324E-47  -.343164722E-47
                      -.259976041E-23      -83.5847870      .2599757649E-23       97.0898453      .4034893916E-49        0.0000000
 
            18TYP9    -.310401951E-25  .3104019521E-25      .3233490333E-24  .2619789005E-23      -.501481574E-50
                      -.276395055E-29     -179.9948981      -.259975765E-23      -82.9101547      -.403489392E-49
 
 XX0087               .2923088383E-24  .2616141942E-23      .2923088383E-24  .2616141942E-23      .3422099331E-47  .3422099331E-47
                      -.259976041E-23      -83.5847870      -.259976041E-23      -83.5847870                  0.0              0.0
 
            TERRA                 0.0              0.0      -.292308838E-24  .2616141942E-23                  0.0
                                  0.0              0.0      .2599760413E-23       96.4152130                  0.0
 
 XX0160               .2383383909E-19  .2383383911E-19      .2383385308E-19   .238338531E-19      .2840261102E-39  .2840262769E-39
                      .1112270561E-23        0.0026739      .1112270499E-23        0.0026739       .852315373E-50        0.0000000
 
            18TY10    -.139907667E-25  .1399076673E-25      -.238338531E-19   .238338531E-19      .1667269393E-45
                      .6229753838E-31      179.9997449       -.11122705E-23     -179.9973261      -.852315373E-50
 
 XX0160               .2383383909E-19  .2383383911E-19      -.238338391E-19  .2383383911E-19      -.284025943E-39  -.284025943E-39
                      .1112270561E-23        0.0026739      -.111227056E-23     -179.9973261                  0.0              0.0
 
            TERRA                 0.0              0.0      .2383383909E-19  .2383383911E-19                  0.0
                                  0.0              0.0      .1112270561E-23        0.0026739                  0.0
 
 PHASEA               -.334217861E-19  .3342178617E-19      -.192960691E-19  .1929606916E-19      .3224545486E-39  .3224544136E-39
                      -.222078867E-23     -179.9961928      -.128217297E-23     -179.9961928      -.957034029E-50        0.0000000
 
            18TY10    -.139907667E-25  .1399076673E-25      .1929606911E-19  .1929606916E-19      -.134983401E-45
                      .6229753838E-31      179.9997449      .1282172973E-23        0.0038072      .9570340288E-50
 
 PHASEA               -.334217861E-19  .3342178617E-19      .1929607719E-19  .1929607723E-19      -.322454684E-39  -.322454684E-39
                      -.222078867E-23     -179.9961928      .1282172937E-23        0.0038072      .9881467619E-60        0.0000000
 
            TERRA                 0.0              0.0      -.192960772E-19  .1929607723E-19                  0.0
                                  0.0              0.0      -.128217294E-23     -179.9961928                  0.0
 
 TERRA                            0.0              0.0      -.807757293E-26  .8077572934E-26                  0.0  -.565057193E-52
                                  0.0              0.0      .3596750054E-31      179.9997449                  0.0        0.0000000
 
            18TY10    -.139907667E-25  .1399076673E-25      .8077572933E-26  .8077572934E-26      -.565057193E-52
                      .6229753838E-31      179.9997449      -.359675005E-31       -0.0002551      .1174518923E-73
 
 XX0015                .145377619E-19   .145377619E-19      -.145377759E-19  .1453777589E-19      -.105673362E-39  -.105673464E-39
                      -.169902376E-24       -0.0006696      .1699024385E-24      179.9993304       .735698866E-51        0.0000000
 
            18TY10    -.139907667E-25  .1399076673E-25      .1453777589E-19  .1453777589E-19      -.101697316E-45
                      .6229753838E-31      179.9997449      -.169902438E-24       -0.0006696      -.735698866E-51
 
 XX0015                .145377619E-19   .145377619E-19       .145377619E-19   .145377619E-19      .1056732605E-39  .1056732605E-39
                      -.169902376E-24       -0.0006696      -.169902376E-24       -0.0006696                  0.0              0.0
 
            TERRA                 0.0              0.0      -.145377619E-19   .145377619E-19                  0.0
                                  0.0              0.0      .1699023762E-24      179.9993304                  0.0
 
 XX0159               -.234763757E-20  .2347638039E-20      -.234761672E-20  .2347617185E-20      .2755677703E-41  .2755653224E-41
                      -.148160886E-23     -179.9638403      -.148160711E-23     -179.9638400      -.133956746E-49        0.0000000
 
            18TY11    -.208541373E-25  .2085413738E-25      .2347616718E-20  .2347617185E-20       -.24478762E-46
                      -.174913095E-29     -179.9951943      .1481607113E-23        0.0361600      .1339567456E-49
 
 XX0159               -.234763757E-20  .2347638039E-20      .2347637572E-20  .2347638039E-20      -.275570218E-41  -.275570218E-41
                      -.148160886E-23     -179.9638403      .1481608862E-23        0.0361597                  0.0              0.0
 
            TERRA                 0.0              0.0      -.234763757E-20  .2347638039E-20                  0.0
                                  0.0              0.0      -.148160886E-23     -179.9638403                  0.0
 
 PHASEB               -.108217924E-19  .1082179243E-19      -.765214807E-20  .7652148067E-20      .4140497903E-40  .4140489924E-40
                      -.168802223E-24     -179.9991063       -.11935996E-24     -179.9991063      .5447729995E-50        0.0000000
 
            18TY11    -.208541373E-25  .2085413738E-25      .7652148066E-20  .7652148067E-20      -.797894733E-46
                      -.174913095E-29     -179.9951943      .1193599599E-24        0.0008937      -.544772999E-50
 
 PHASEB               -.108217924E-19  .1082179243E-19      .7652162812E-20  .7652162813E-20      -.414050588E-40  -.414050588E-40
                      -.168802223E-24     -179.9991063      .1193611968E-24        0.0008937      .3581728154E-61        0.0000000
 
            TERRA                 0.0              0.0      -.765216281E-20  .7652162813E-20                  0.0
                                  0.0              0.0      -.119361197E-24     -179.9991063                  0.0
 
 TERRA                            0.0              0.0      -.147461019E-25  .1474610195E-25                  0.0  -.153758618E-51
                                  0.0              0.0      -.123682235E-29     -179.9951943                  0.0        0.0000000
 
            18TY11    -.208541373E-25  .2085413738E-25       .147461019E-25  .1474610195E-25      -.153758618E-51
                      -.174913095E-29     -179.9951943      .1236822353E-29        0.0048057      -.123365941E-71
 
 XX0156               .1996163799E-24  .1613366613E-23      -.220470517E-24   .161607759E-23      -.130355593E-47  -.130585339E-47
                      -.160097006E-23      -82.8927750       .160096831E-23       97.8409262      .1669359929E-49        0.0000000
 
            18TY11    -.208541373E-25  .2085413738E-25      .2204705172E-24   .161607759E-23      -.229746107E-50
                      -.174913095E-29     -179.9951943      -.160096831E-23      -82.1590738      -.166935993E-49
 
 XX0156               .1996163799E-24  .1613366613E-23      .1996163799E-24  .1613366613E-23      .1301475914E-47  .1301475914E-47
                      -.160097006E-23      -82.8927750      -.160097006E-23      -82.8927750                  0.0              0.0
 
            TERRA                 0.0              0.0       -.19961638E-24  .1613366613E-23                  0.0
                                  0.0              0.0      .1600970059E-23       97.1072250                  0.0
 
 XX0161               .2008180386E-19   .200818039E-19      .2008182023E-19  .2008182027E-19      .2016395883E-39  .2016397527E-39
                       .120972857E-23        0.0034515      .1209728619E-23        0.0034515      .9412842428E-50        0.0000000
 
            18TY12    -.163741506E-25  .1637415064E-25      -.200818202E-19  .2008182027E-19      .1644113748E-45
                      -.489295178E-31     -179.9998288      -.120972862E-23     -179.9965485      -.941284243E-50
 
 XX0161               .2008180386E-19   .200818039E-19      -.200818039E-19   .200818039E-19      -.201639424E-39  -.201639424E-39
                       .120972857E-23        0.0034515      -.120972857E-23     -179.9965485                  0.0              0.0
 
            TERRA                 0.0              0.0      .2008180386E-19   .200818039E-19                  0.0
                                  0.0              0.0       .120972857E-23        0.0034515                  0.0
 
 PHASEB               -.108217924E-19  .1082179243E-19      -.624795532E-20  .6247955319E-20       .338070378E-40  .3380698665E-40
                      -.168802223E-24     -179.9991063      -.974579808E-25     -179.9991063      -.645041109E-51        0.0000000
 
            18TY12    -.163741506E-25  .1637415064E-25      .6247955319E-20  .6247955319E-20      -.511524808E-46
                      -.489295178E-31     -179.9998288      .9745798079E-25        0.0008937      .6450411087E-51
 
 PHASEB               -.108217924E-19  .1082179243E-19      .6247964772E-20  .6247964773E-20       -.33807089E-40   -.33807089E-40
                      -.168802223E-24     -179.9991063      .9745800904E-25        0.0008937      -.342220262E-61        0.0000000
 
            TERRA                 0.0              0.0      -.624796477E-20  .6247964773E-20                  0.0
                                  0.0              0.0       -.97458009E-25     -179.9991063                  0.0
 
 TERRA                            0.0              0.0      -.945362028E-26  .9453620275E-26                  0.0  -.773975012E-52
                                  0.0              0.0      -.282494702E-31     -179.9998288                  0.0        0.0000000
 
            18TY12    -.163741506E-25  .1637415064E-25      .9453620275E-26  .9453620275E-26      -.773975012E-52
                      -.489295178E-31     -179.9998288      .2824947025E-31        0.0001712       .101906789E-74
 
 XX0160               .2383383909E-19  .2383383911E-19      -.238338555E-19  .2383385549E-19      -.284026139E-39  -.284026334E-39
                      .1112270561E-23        0.0026739      -.111227061E-23     -179.9973261      -.852315373E-50        0.0000000
 
            18TY12    -.163741506E-25  .1637415064E-25      .2383385546E-19  .2383385549E-19       -.19512957E-45
                      -.489295178E-31     -179.9998288       .111227061E-23        0.0026739       .852315373E-50
 
 XX0160               .2383383909E-19  .2383383911E-19      .2383383909E-19  .2383383911E-19      .2840259434E-39  .2840259434E-39
                      .1112270561E-23        0.0026739      .1112270561E-23        0.0026739                  0.0              0.0
 
            TERRA                 0.0              0.0      -.238338391E-19  .2383383911E-19                  0.0
                                  0.0              0.0      -.111227056E-23     -179.9973261                  0.0
 
 TERRA                            0.0              0.0      .1838233102E-25  .1838233103E-25                  0.0   .168955047E-51
                                  0.0              0.0      .1699023748E-30        0.0005296                  0.0              0.0
 
            18TY13     -.18382331E-25  .1838233103E-25       -.18382331E-25  .1838233103E-25       .168955047E-51
                      -.169902375E-30     -179.9994704      -.169902375E-30     -179.9994704                  0.0
 
 PHASEC               .1746219652E-19  .1746219665E-19      .1008181447E-19  .1008181454E-19      .8802531407E-40  .8802540674E-40
                      .2095311347E-23        0.0068750      .1209728668E-23        0.0068750       .102623543E-49        0.0000000
 
            18TY13     -.18382331E-25  .1838233103E-25      -.100818145E-19  .1008181454E-19      .9266362558E-46
                      -.169902375E-30     -179.9994704      -.120972867E-23     -179.9931250      -.102623543E-49
 
 PHASEC               .1746219652E-19  .1746219665E-19      -.100818039E-19  .1008180393E-19      -.880252214E-40  -.880252214E-40
                      .2095311347E-23        0.0068750      -.120972857E-23     -179.9931250      -.109449712E-59        0.0000000
 
            TERRA                 0.0              0.0      .1008180386E-19  .1008180393E-19                  0.0
                                  0.0              0.0       .120972857E-23        0.0068750                  0.0
 
 TERRA                            0.0              0.0      -.106130438E-25  .1061304376E-25                  0.0  -.975462418E-52
                                  0.0              0.0      -.980931818E-31     -179.9994704                  0.0        0.0000000
 
            18TY13     -.18382331E-25  .1838233103E-25      .1061304376E-25  .1061304376E-25      -.975462418E-52
                      -.169902375E-30     -179.9994704      .9809318181E-31        0.0005296      .2577032697E-73
 
 XX0161               .2008180386E-19   .200818039E-19      -.200818222E-19  .2008182228E-19      -.201639608E-39  -.201639793E-39
                       .120972857E-23        0.0034515      -.120972874E-23     -179.9965485      -.941284243E-50        0.0000000
 
            18TY13     -.18382331E-25  .1838233103E-25      .2008182224E-19  .2008182228E-19      -.184575352E-45
                      -.169902375E-30     -179.9994704       .120972874E-23        0.0034515      .9412842428E-50
 
 XX0161               .2008180386E-19   .200818039E-19      .2008180386E-19   .200818039E-19      .2016394239E-39  .2016394239E-39
                       .120972857E-23        0.0034515       .120972857E-23        0.0034515                  0.0              0.0
 
            TERRA                 0.0              0.0      -.200818039E-19   .200818039E-19                  0.0
                                  0.0              0.0      -.120972857E-23     -179.9965485                  0.0
 
 TERRA                            0.0              0.0      .2061937355E-25  .2061937361E-25                  0.0  .2125792841E-51
                                  0.0              0.0      .1600970059E-29        0.0044487                  0.0              0.0
 
            18TY14    -.206193736E-25  .2061937361E-25      -.206193736E-25  .2061937361E-25      .2125792841E-51
                      -.160097006E-29     -179.9955513      -.160097006E-29     -179.9955513                  0.0
 
 TERRA                            0.0              0.0      .1458009886E-25   .145800989E-25                  0.0  .1503162533E-51
                                  0.0              0.0      .1132056785E-29        0.0044487                  0.0        0.0000000
 
            18TY14    -.206193736E-25  .2061937361E-25      -.145800989E-25   .145800989E-25      .1503162533E-51
                      -.160097006E-29     -179.9955513      -.113205679E-29     -179.9955513      -.736216097E-72
 
 PHASEC               .1746219652E-19  .1746219665E-19      -.123476522E-19  .1234765224E-19      -.107808566E-39  -.107808693E-39
                      .2095311347E-23        0.0068750      -.148160999E-23     -179.9931250      -.539082426E-50        0.0000000
 
            18TY14    -.206193736E-25  .2061937361E-25      .1234765215E-19  .1234765224E-19      -.127300427E-45
                      -.160097006E-29     -179.9955513      .1481609994E-23        0.0068750      .5390824261E-50
 
 PHASEC               .1746219652E-19  .1746219665E-19      .1234763757E-19  .1234763766E-19      .1078084385E-39  .1078084385E-39
                      .2095311347E-23        0.0068750      .1481608862E-23        0.0068750      -.382861292E-60        0.0000000
 
            TERRA                 0.0              0.0      -.123476376E-19  .1234763766E-19                  0.0
                                  0.0              0.0      -.148160886E-23     -179.9931250                  0.0
 
 XX0159               -.234763757E-20  .2347638039E-20      .2347616952E-20   .234761742E-20      -.275567798E-41  -.275565378E-41
                      -.148160886E-23     -179.9638403      .1481607261E-23        0.0361600      .1339567456E-49        0.0000000
 
            18TY14    -.206193736E-25  .2061937361E-25      -.234761695E-20   .234761742E-20      .2420319663E-46
                      -.160097006E-29     -179.9955513      -.148160726E-23     -179.9638400      -.133956746E-49
 
 XX0159               -.234763757E-20  .2347638039E-20      -.234763757E-20  .2347638039E-20      .2755702182E-41  .2755702182E-41
                      -.148160886E-23     -179.9638403      -.148160886E-23     -179.9638403                  0.0              0.0
 
            TERRA                 0.0              0.0      .2347637572E-20  .2347638039E-20                  0.0
                                  0.0              0.0      .1481608862E-23        0.0361597                  0.0
 
 TERRA                            0.0              0.0      .3305621054E-25  .3305621064E-25                  0.0   .546356531E-51
                                  0.0              0.0      .2599760415E-29        0.0045061                  0.0              0.0
 
            18TY15    -.330562105E-25  .3305621064E-25      -.330562105E-25  .3305621064E-25       .546356531E-51
                      -.259976042E-29     -179.9954939      -.259976042E-29     -179.9954939                  0.0
 
 TERRA                            0.0              0.0      .1349514143E-25  .1349514147E-25                  0.0  .2230491195E-51
                                  0.0              0.0      .1061347744E-29        0.0045061                  0.0        0.0000000
 
            18TY15    -.330562105E-25  .3305621064E-25      -.134951414E-25  .1349514147E-25      .2230491195E-51
                      -.259976042E-29     -179.9954939      -.106134774E-29     -179.9954939      -.111095672E-71
 
 PHASEC               .1746219652E-19  .1746219665E-19      -.712892536E-20  .7128925416E-20      -.622433488E-40  -.622434666E-40
                      .2095311347E-23        0.0068750      -.855408336E-24     -179.9931250      -.487153004E-50        0.0000000
 
            18TY15    -.330562105E-25  .3305621064E-25      .7128925365E-20  .7128925416E-20       -.11782763E-45
                      -.259976042E-29     -179.9954939      .8554083358E-24        0.0068750      .4871530041E-50
 
 PHASEC               .1746219652E-19  .1746219665E-19       .712891187E-20  .7128911921E-20      .6224323092E-40  .6224323092E-40
                      .2095311347E-23        0.0068750      .8554072745E-24        0.0068750      .1098143419E-59        0.0000000
 
            TERRA                 0.0              0.0      -.712891187E-20  .7128911921E-20                  0.0
                                  0.0              0.0      -.855407275E-24     -179.9931250                  0.0
 
 XX0158                .287108813E-20  .2871088258E-20      -.287112119E-20  .2871121314E-20      -.412162135E-41   -.41216688E-41
                      -.855407275E-24       -0.0170706      .8554046747E-24      179.9829296      .1787033212E-49        0.0000000
 
            18TY15    -.330562105E-25  .3305621064E-25      .2871121186E-20  .2871121314E-20      -.474541921E-46
                      -.259976042E-29     -179.9954939      -.855404675E-24       -0.0170704      -.178703321E-49
 
 XX0158                .287108813E-20  .2871088258E-20       .287108813E-20  .2871088258E-20      .4121573892E-41  .4121573892E-41
                      -.855407275E-24       -0.0170706      -.855407275E-24       -0.0170706                  0.0              0.0
 
            TERRA                 0.0              0.0      -.287108813E-20  .2871088258E-20                  0.0
                                  0.0              0.0      .8554072745E-24      179.9829294                  0.0
 
 XX0158                .287108813E-20  .2871088258E-20      .2871120899E-20  .2871121027E-20      .4121620933E-41  .4121667975E-41
                      -.855407275E-24       -0.0170706      -.855404589E-24       -0.0170704      -.178703321E-49        0.0000000
 
            18TY16    -.327691017E-25  .3276910184E-25       -.28711209E-20  .2871121027E-20      .4704202526E-46
                      -.268530114E-29     -179.9953048      .8554045892E-24      179.9829296      .1787033212E-49
 
 XX0158                .287108813E-20  .2871088258E-20      -.287108813E-20  .2871088258E-20      -.412157389E-41  -.412157389E-41
                      -.855407275E-24       -0.0170706      .8554072745E-24      179.9829294                  0.0              0.0
 
            TERRA                 0.0              0.0       .287108813E-20  .2871088258E-20                  0.0
                                  0.0              0.0      -.855407275E-24       -0.0170706                  0.0
 
 TERRA                            0.0              0.0      .1337792974E-25  .1337792979E-25                  0.0  .2191913718E-51
                                  0.0              0.0      .1096269599E-29        0.0046952                  0.0        0.0000000
 
            18TY16    -.327691017E-25  .3276910184E-25      -.133779297E-25  .1337792979E-25      .2191913718E-51
                      -.268530114E-29     -179.9953048       -.10962696E-29     -179.9953048      -.131546119E-71
 
 PHASEB               -.108217924E-19  .1082179243E-19      .4417964877E-20  .4417964878E-20      -.239051494E-40  -.239050771E-40
                      -.168802223E-24     -179.9991063      .6891212275E-25        0.0008937      -.480268889E-50        0.0000000
 
            18TY16    -.327691017E-25  .3276910184E-25      -.441796488E-20  .4417964878E-20      .7238637034E-46
                      -.268530114E-29     -179.9953048      -.689121227E-25     -179.9991063      .4802688886E-50
 
 PHASEB               -.108217924E-19  .1082179243E-19      -.441797826E-20  .4417978256E-20      .2390522183E-40  .2390522183E-40
                      -.168802223E-24     -179.9991063       -.68913219E-25     -179.9991063      .2560005064E-61        0.0000000
 
            TERRA                 0.0              0.0      .4417978255E-20  .4417978256E-20                  0.0
                                  0.0              0.0      .6891321902E-25        0.0008937                  0.0
 
 XX0157               .1728906639E-19   .172890664E-19      -.172890992E-19  .1728909917E-19      -.149456192E-39  -.149456475E-39
                      -.786494055E-24       -0.0026064      .7864913702E-24      179.9973936      .3609952671E-49        0.0000000
 
            18TY16    -.327691017E-25  .3276910184E-25      .1728909915E-19  .1728909917E-19      -.283274123E-45
                      -.268530114E-29     -179.9953048       -.78649137E-24       -0.0026064      -.360995267E-49
 
 XX0157               .1728906639E-19   .172890664E-19      .1728906639E-19   .172890664E-19      .1494559086E-39  .1494559086E-39
                      -.786494055E-24       -0.0026064      -.786494055E-24       -0.0026064                  0.0              0.0
 
            TERRA                 0.0              0.0      -.172890664E-19   .172890664E-19                  0.0
                                  0.0              0.0      .7864940555E-24      179.9973936                  0.0
     Total network loss  P-loss  by summing injections =  -1.163381756470E-45
 
Solution at nodes with known voltage.   Nodes that are shorted together by switches are shown as a group of names, with the printed
result applying to the composite group.   The entry "MVA" is  SQRT( P**2 + Q**2 )  in units of power,  while  "P.F."  is the
associated power factor.
              Node                Source  node  voltage             Injected  source  current              Injected  source  power
              name         Rectangular            Polar          Rectangular            Polar            P  and  Q    MVA and P.F.
 
Card of names for time-step loop output.          |  PHASEAPHASEBPHASEC
Blank card ending requests for output variables.  |BLANK OUTPUT
 
Column headings for the  3   EMTP output variables follow.  These are divided among the 5 possible classes as follows ....
  First  3     output variables are electric-network voltage differences (upper voltage minus lower voltage);
   Step      Time      PHASEA     PHASEB     PHASEC
 
      0       0.0  -.3342E-19 -.1082E-19 .17462E-19
    500     .5E-3  -.50232E-9  -.5023E-9 -.50228E-9
   1000     .1E-2  -.37259E-9 -.60328E-9 -.60791E-9
   1500     .0015  .657214E-6 -.31336E-6 -.34404E-6
   2000      .002  .165244E-3 -.77104E-4 -.88134E-4
   2500     .0025  .007864009 -.00356871 -.00429506
   3000      .003  .116795841 -.05090759 -.06588581
   3500     .0035  .689135367 -.28065725 -.40846898
   4000      .004  1.79519449 -.63211621 -1.1630673
   4500     .0045  2.12731326 -.45738189  -1.669933
   5000      .005  1.42412402 .185214696  -1.609342
   5500     .0055  1.39816207 .417118224 -1.8152766
   6000      .006  1.23421543 .726892059 -1.9611117
   6500     .0065  .687604276 1.15068098 -1.8382864
   7000      .007  .592898333 1.30357949 -1.8964796
   7500     .0075  .056452792 1.62878725 -1.6852448
   8000      .008  -.20499078 1.74112614 -1.5361367
   8500     .0085  -.57650988 1.86972884 -1.2932245
   9000      .009  -.95333379 1.92696594 -.97363448
   9500     .0095  -1.2045532 1.88131577 -.67676794
  10000       .01  -1.7077368 1.89414818 -.18641695
  10500     .0105  -2.2215331 1.83532994 .386193899
  11000      .011  -3.1813254 1.87625285 1.30506097
  11500     .0115  -3.7693194  1.5936083 2.17570481
  12000      .012  -3.6811292 .931170765 2.74995896
  12500     .0125  -2.9474884 .020105528 2.92738606
  13000      .013  -2.6580558 -.57113996 3.22919254
  13500     .0135  -2.4933076 -1.0825705 3.57588021
  14000      .014   -1.722341 -1.8158286 3.53817498
  14500     .0145  -1.0719753 -2.3643863 3.43636472
  15000      .015  -.60842852 -2.7343464 3.34277919
  15500     .0155  .181506863 -3.1696173 2.98811883
  16000      .016  .897556475 -3.4323611 2.53480944
  16500     .0165  1.40191643 -3.5016277 2.09971944
  17000      .017  2.33064244 -3.6627893 1.33215702
  17500     .0175  3.03244868 -3.5734233 .540984207
  18000      .018  4.03206151 -3.5034992 -.52854755
  18500     .0185  4.92630109 -3.2094974 -1.7167941
  19000      .019   5.1191642  -2.479091 -2.6400681
  19500     .0195   4.8396857  -1.519222 -3.3204635
  % % % % % %   Final time step,  PLTFIL  dumps plot data to ".PL4" disk file.
  Done dumping plot points to C-like disk file.
  20000       .02   4.2215344 -.47120583 -3.7503286
 
Extrema of output variables follow.   Order and column positioning are the same as for the preceding time-step loop output.
Variable maxima :  5.12037989 1.94124425 3.59627677
Times of maxima :     .018961    .008838    .013655
Variable minima :  -3.8226504 -3.6666448 -3.7503286
Times of minima :     .011701     .01707        .02
 
Blank card terminating all plot cards.            |BLANK PLOT
 
Memory storage figures for the preceding, now-completed data case.  -------------------------------  Present   Program
A value of  "-9999"  indicates that no figure is available.         25-Aug-26  13:12:09              figure     limit  (name)
     Size List 1.   Number of electric network nodes.                                                  166      6000  (LBUS)
     Size List 2.   Number of electric network branches.                                               393     10000  (LBRNCH)
     Size List 3.   Number of data values in R, L, C tables.                                           393    192000  (LDATA)
     Size List 4.   Number of electric network sources.                                                 35       900  (LEXCT)
     Size List 5.   Storage for [Y] and triangularized [Y].   No. times =    1     Factors =   986    1521    420000  (LYMAT)
     Size List 6.   Number of entries in switch table.                  No. flops = 0                    0      1200  (LSWTCH)
     Size List 7.   Number of distinct ALPHANUMERIC data names plus program SPY variables.               3     15000  (LSIZE7)
     Size List 8.   History points of distributed lines.                                                 0    120000  (LPAST)
     Size List 9.   Number of nonlinear elements.                                                        0      2250  (LNONL)
     Size List 10.  Points of nonlinear characteristics.                                                 0      3800  (LCHAR)
     Size List 11.  Number of Type-59 S.M. outputs.                                                      0       720  (LSMOUT)
     Size List 12.  Total number of EMTP output variables.                                               3      1200  (LSIZ12)
     Size List 13.  Working space for batch/SPY plotting.                                            -9999     72800  (LSIZ13)
     Size List 14.  S.M./U.M. connections to TACS.                                                   -9999       510  (LBSTAC)
     Size List 15.  Character storage in bytes for MODELS.                                           -9999     90000  (LCTACS)
     Size List 16.  Total number of Type-59 S.M. masses.                                                 0       800  (LIMASS)
     Size List 17.  Number of Type-59 Synchronous machines.                                              0        90  (LSYN)
     Size List 18.  Branch and switch power/energy outputs.                                              0       254  (MAXPE)
     Size List 19.  Total floating-point TACS table space.                                              23    120000  (LTACST)
     Size List 20.  Non-copied recursive convolution data.                                               0    100000  (LFSEM)
     Size List 21.  Total modal/phase [T] matrix storage.                                                0      3000  (LFD)
     Size List 22.  Total recursive convolution history.                                                 0     15000  (LHIST)
     Size List 23.  Giant vectors for renumbering, phasors.                                            433    192000  (LSIZ23)
     Size List 24.  Peak phases of compensation for data.                                                0       120  (LCOMP)
     Size List 25.  Total table space for all U.M usage.                                             -9999     30000  (LSPCUM)
     Size List 26.  Square of max number of coupled phases.                                              0    160000  (LSIZ26)
     Size List 28.  MODELS.  Total work space is divided into INTEGER and REAL.  1st, REAL:          -9999    210000  (LRTACS)
                             Second  and last,  statistics for INTEGER work space.                       0         0  (LITACS)
     Size List 29.  RAM disk used by "TAPSAV" table saving (limit is "LABCOM" size LTLABL).          -9999      1000  (LSIZ29)
     Size List 30.  Taku Noda frequency-dependent circuits.                                              0        19  (LSIZ30)
Timing figures characterizing central processor (CP) solution speed.  ----------------------------   CP sec  Wait sec  Real sec
     Data input time (through blank card ending branches) ....                                       0.047     0.000     0.047
     Node renumbering and phasor solution  ....                                                      0.172     0.000     0.172
     After phasor solution, but before time-step loop  ....                                          0.000     0.000     0.000
     Integration of equations (time-step loop)  ....                                                 0.344     0.000     0.344
     Plotting or STATISTICS termination overlays ....                                                0.000     0.000     0.000
                                                                                                    ---------------------------
                                                                                          Totals      0.563     0.000     0.563
 
